URL,Last crawled
https://www.modonty.com/clients/عيادة-دكتور-أحمد-الصاوى-استشارى-أمراض-الباطنة-والكلى-والضغط-والسكر,2026-07-11
https://www.modonty.com/clients/كيما-زون,2026-07-11
https://www.modonty.com/clients/عيادة,2026-07-11
https://www.modonty.com/_next/static/chunks/1wzpy_9p6suyy.js?dpl=dpl_CNXcZpTw1cDEYZ4cBawKchGy4whh,2026-07-11
https://www.modonty.com/_next/static/chunks/102moqptow0rs.js?dpl=dpl_CDr4LsxPti3K5BzpxbfrpGrSZU7X,2026-07-10
https://www.modonty.com/_next/static/chunks/1ege5u789h7of.js?dpl=dpl_CDr4LsxPti3K5BzpxbfrpGrSZU7X,2026-07-10
https://www.modonty.com/_next/static/chunks/2iipk9vcuda3p.js?dpl=dpl_CDr4LsxPti3K5BzpxbfrpGrSZU7X,2026-07-10
https://www.modonty.com/_next/static/chunks/2p9ld02xc5o3a.js?dpl=dpl_CDr4LsxPti3K5BzpxbfrpGrSZU7X,2026-07-10
https://www.modonty.com/_next/static/chunks/2u786swzkifwk.js?dpl=dpl_CDr4LsxPti3K5BzpxbfrpGrSZU7X,2026-07-10
https://www.modonty.com/_next/static/media/1d2cc0c079997359-s.p.44lktk7jzy0s-.woff2?dpl=dpl_CDr4LsxPti3K5BzpxbfrpGrSZU7X,2026-07-10
https://www.modonty.com/clients/شركة-جبر-الجنوبية-للمقاولات,2026-07-10
https://www.modonty.com/clients/choucha-dentistry,2026-07-10
https://www.modonty.com/_next/static/chunks/1-6aext42e5z4.js?dpl=dpl_ARcLVKCVEhe5ZSavvX7QpzKM6cJt,2026-07-10
https://www.modonty.com/_next/static/chunks/050rbt07j2llu.js?dpl=dpl_CDr4LsxPti3K5BzpxbfrpGrSZU7X,2026-07-09
https://www.modonty.com/_next/static/chunks/0lzzxh0_q9cql.js?dpl=dpl_CDr4LsxPti3K5BzpxbfrpGrSZU7X,2026-07-09
https://www.modonty.com/_next/static/chunks/0m5mlnn0u6xx8.js?dpl=dpl_CDr4LsxPti3K5BzpxbfrpGrSZU7X,2026-07-09
https://www.modonty.com/_next/static/chunks/0o3x7ikbjub6_.css?dpl=dpl_CDr4LsxPti3K5BzpxbfrpGrSZU7X,2026-07-09
https://www.modonty.com/_next/static/chunks/17ur7qytzvauj.js?dpl=dpl_CDr4LsxPti3K5BzpxbfrpGrSZU7X,2026-07-09
https://www.modonty.com/_next/static/chunks/1qwfl81ca7v0c.js?dpl=dpl_CDr4LsxPti3K5BzpxbfrpGrSZU7X,2026-07-09
https://www.modonty.com/_next/static/chunks/2pzprrkd-w7wx.js?dpl=dpl_CDr4LsxPti3K5BzpxbfrpGrSZU7X,2026-07-09
https://www.modonty.com/_next/static/chunks/2s9x_dd9kh7gj.js?dpl=dpl_CDr4LsxPti3K5BzpxbfrpGrSZU7X,2026-07-09
https://www.modonty.com/_next/static/chunks/2xc4dcw197rxg.js?dpl=dpl_CDr4LsxPti3K5BzpxbfrpGrSZU7X,2026-07-09
https://www.modonty.com/_next/static/chunks/309x0nyg9bmh0.css?dpl=dpl_CDr4LsxPti3K5BzpxbfrpGrSZU7X,2026-07-09
https://www.modonty.com/_next/static/chunks/32-l9nds77ict.js?dpl=dpl_CDr4LsxPti3K5BzpxbfrpGrSZU7X,2026-07-09
https://www.modonty.com/_next/static/media/48e6fa8a5baca31f-s.p.14yttwb5hb7vt.woff2?dpl=dpl_CDr4LsxPti3K5BzpxbfrpGrSZU7X,2026-07-09
https://www.modonty.com/_next/static/media/4b676bcffc00356a-s.p.24y4-vc3jpn8m.woff2?dpl=dpl_CDr4LsxPti3K5BzpxbfrpGrSZU7X,2026-07-09
https://www.modonty.com/_next/static/media/d54db18e8cd5f74f-s.p.0ji0xjltb6ro5.woff2?dpl=dpl_CDr4LsxPti3K5BzpxbfrpGrSZU7X,2026-07-09
https://www.modonty.com/_next/static/media/e7b64a7fde1a3d32-s.p.2g2pkky1i4_-n.woff2?dpl=dpl_CDr4LsxPti3K5BzpxbfrpGrSZU7X,2026-07-09
https://www.modonty.com/_next/static/media/e8f2fbee2754df70-s.p.1dqa_6e_ad4sj.woff2?dpl=dpl_CDr4LsxPti3K5BzpxbfrpGrSZU7X,2026-07-09
https://www.modonty.com/_next/static/media/f0e0669539caf32a-s.p.2cslzs_83-cos.woff2?dpl=dpl_CDr4LsxPti3K5BzpxbfrpGrSZU7X,2026-07-09
https://www.modonty.com/_next/static/media/d54db18e8cd5f74f-s.p.05.gztb3q6cix.woff2?dpl=dpl_8dhCe3SxbV95xTNfAeZZER1g5c7X,2026-07-09
https://www.modonty.com/authors/ahmed-alshehri,2026-07-08
https://www.modonty.com/_next/static/chunks/2pa8eihsiw3-9.js?dpl=dpl_53gRvTE17RYj4Godb7XokEYrvtTS,2026-07-08
https://www.modonty.com/_next/static/chunks/0m7jvku8osotr.js?dpl=dpl_13eJBaSPG64npvAWX6fR1ZyinTBB,2026-07-05
https://www.modonty.com/_next/static/chunks/102moqptow0rs.js?dpl=dpl_13eJBaSPG64npvAWX6fR1ZyinTBB,2026-07-05
https://www.modonty.com/_next/static/chunks/1ege5u789h7of.js?dpl=dpl_13eJBaSPG64npvAWX6fR1ZyinTBB,2026-07-05
https://www.modonty.com/_next/static/chunks/2iipk9vcuda3p.js?dpl=dpl_13eJBaSPG64npvAWX6fR1ZyinTBB,2026-07-05
https://www.modonty.com/_next/static/chunks/2u786swzkifwk.js?dpl=dpl_13eJBaSPG64npvAWX6fR1ZyinTBB,2026-07-05
https://www.modonty.com/_next/static/media/1d2cc0c079997359-s.p.44lktk7jzy0s-.woff2?dpl=dpl_13eJBaSPG64npvAWX6fR1ZyinTBB,2026-07-05
https://www.modonty.com/_next/static/chunks/0m5mlnn0u6xx8.js?dpl=dpl_13eJBaSPG64npvAWX6fR1ZyinTBB,2026-07-04
https://www.modonty.com/_next/static/chunks/2p_rql449al-y.js?dpl=dpl_13eJBaSPG64npvAWX6fR1ZyinTBB,2026-07-04
https://www.modonty.com/_next/static/chunks/309x0nyg9bmh0.css?dpl=dpl_13eJBaSPG64npvAWX6fR1ZyinTBB,2026-07-04
https://www.modonty.com/_next/static/media/48e6fa8a5baca31f-s.p.14yttwb5hb7vt.woff2?dpl=dpl_13eJBaSPG64npvAWX6fR1ZyinTBB,2026-07-04
https://www.modonty.com/_next/static/media/4b676bcffc00356a-s.p.24y4-vc3jpn8m.woff2?dpl=dpl_13eJBaSPG64npvAWX6fR1ZyinTBB,2026-07-04
https://www.modonty.com/_next/static/media/d54db18e8cd5f74f-s.p.0ji0xjltb6ro5.woff2?dpl=dpl_13eJBaSPG64npvAWX6fR1ZyinTBB,2026-07-04
https://www.modonty.com/_next/static/media/f0e0669539caf32a-s.p.2cslzs_83-cos.woff2?dpl=dpl_13eJBaSPG64npvAWX6fR1ZyinTBB,2026-07-04
https://www.modonty.com/_next/static/chunks/0lzzxh0_q9cql.js?dpl=dpl_13eJBaSPG64npvAWX6fR1ZyinTBB,2026-07-04
https://www.modonty.com/_next/static/chunks/16-hlrpwcr-b-.css?dpl=dpl_13eJBaSPG64npvAWX6fR1ZyinTBB,2026-07-04
https://www.modonty.com/_next/static/chunks/17ur7qytzvauj.js?dpl=dpl_13eJBaSPG64npvAWX6fR1ZyinTBB,2026-07-04
https://www.modonty.com/_next/static/chunks/1q56ehpr1h2nb.js?dpl=dpl_13eJBaSPG64npvAWX6fR1ZyinTBB,2026-07-04
https://www.modonty.com/_next/static/chunks/1qwfl81ca7v0c.js?dpl=dpl_13eJBaSPG64npvAWX6fR1ZyinTBB,2026-07-04
https://www.modonty.com/_next/static/chunks/2s9x_dd9kh7gj.js?dpl=dpl_13eJBaSPG64npvAWX6fR1ZyinTBB,2026-07-04
https://www.modonty.com/_next/static/chunks/2xc4dcw197rxg.js?dpl=dpl_13eJBaSPG64npvAWX6fR1ZyinTBB,2026-07-04
https://www.modonty.com/_next/static/chunks/32-l9nds77ict.js?dpl=dpl_13eJBaSPG64npvAWX6fR1ZyinTBB,2026-07-04
https://www.modonty.com/_next/static/media/e7b64a7fde1a3d32-s.p.2g2pkky1i4_-n.woff2?dpl=dpl_13eJBaSPG64npvAWX6fR1ZyinTBB,2026-07-04
https://www.modonty.com/_next/static/media/e8f2fbee2754df70-s.p.1dqa_6e_ad4sj.woff2?dpl=dpl_13eJBaSPG64npvAWX6fR1ZyinTBB,2026-07-04
https://www.modonty.com/_next/static/chunks/0e-f4zwxaib94.js?dpl=dpl_EcveCycCAGNrJh6afDsUBksNZ9ri,2026-07-02
https://www.modonty.com/_next/static/chunks/0lzzxh0_q9cql.js?dpl=dpl_EcveCycCAGNrJh6afDsUBksNZ9ri,2026-07-02
https://www.modonty.com/_next/static/chunks/0m5mlnn0u6xx8.js?dpl=dpl_EcveCycCAGNrJh6afDsUBksNZ9ri,2026-07-02
https://www.modonty.com/_next/static/chunks/0pq-q74jujpk9.js?dpl=dpl_EcveCycCAGNrJh6afDsUBksNZ9ri,2026-07-02
https://www.modonty.com/_next/static/chunks/0xwxcxvotrztu.js?dpl=dpl_EcveCycCAGNrJh6afDsUBksNZ9ri,2026-07-02
https://www.modonty.com/_next/static/chunks/17ur7qytzvauj.js?dpl=dpl_EcveCycCAGNrJh6afDsUBksNZ9ri,2026-07-02
https://www.modonty.com/_next/static/chunks/1hdseorfdk8uj.css?dpl=dpl_EcveCycCAGNrJh6afDsUBksNZ9ri,2026-07-02
https://www.modonty.com/_next/static/chunks/1qwfl81ca7v0c.js?dpl=dpl_EcveCycCAGNrJh6afDsUBksNZ9ri,2026-07-02
https://www.modonty.com/_next/static/chunks/213tns654w9oh.js?dpl=dpl_EcveCycCAGNrJh6afDsUBksNZ9ri,2026-07-02
https://www.modonty.com/_next/static/chunks/2t67od-0a4hp4.css?dpl=dpl_EcveCycCAGNrJh6afDsUBksNZ9ri,2026-07-02
https://www.modonty.com/_next/static/chunks/2xc4dcw197rxg.js?dpl=dpl_EcveCycCAGNrJh6afDsUBksNZ9ri,2026-07-02
https://www.modonty.com/_next/static/media/48e6fa8a5baca31f-s.p.14yttwb5hb7vt.woff2?dpl=dpl_EcveCycCAGNrJh6afDsUBksNZ9ri,2026-07-02
https://www.modonty.com/_next/static/media/4b676bcffc00356a-s.p.24y4-vc3jpn8m.woff2?dpl=dpl_EcveCycCAGNrJh6afDsUBksNZ9ri,2026-07-02
https://www.modonty.com/_next/static/media/d54db18e8cd5f74f-s.p.0ji0xjltb6ro5.woff2?dpl=dpl_EcveCycCAGNrJh6afDsUBksNZ9ri,2026-07-02
https://www.modonty.com/_next/static/media/e7b64a7fde1a3d32-s.p.2g2pkky1i4_-n.woff2?dpl=dpl_EcveCycCAGNrJh6afDsUBksNZ9ri,2026-07-02
https://www.modonty.com/_next/static/media/e8f2fbee2754df70-s.p.1dqa_6e_ad4sj.woff2?dpl=dpl_EcveCycCAGNrJh6afDsUBksNZ9ri,2026-07-02
https://www.modonty.com/_next/static/media/f0e0669539caf32a-s.p.2cslzs_83-cos.woff2?dpl=dpl_EcveCycCAGNrJh6afDsUBksNZ9ri,2026-07-02
https://www.modonty.com/_next/static/chunks/0e-f4zwxaib94.js?dpl=dpl_B2ZkS7RGMB1uvHGLSuguZ7eK4iCz,2026-07-01
https://www.modonty.com/_next/static/chunks/213tns654w9oh.js?dpl=dpl_B2ZkS7RGMB1uvHGLSuguZ7eK4iCz,2026-07-01
https://www.modonty.com/_next/static/chunks/0e-f4zwxaib94.js?dpl=dpl_7diqUGz9N5PHggdu297s1dGvtf5J,2026-06-29
https://www.modonty.com/_next/static/chunks/0lzzxh0_q9cql.js?dpl=dpl_7diqUGz9N5PHggdu297s1dGvtf5J,2026-06-29
https://www.modonty.com/_next/static/chunks/0m5mlnn0u6xx8.js?dpl=dpl_7diqUGz9N5PHggdu297s1dGvtf5J,2026-06-29
https://www.modonty.com/_next/static/chunks/0pq-q74jujpk9.js?dpl=dpl_7diqUGz9N5PHggdu297s1dGvtf5J,2026-06-29
https://www.modonty.com/_next/static/chunks/0xwxcxvotrztu.js?dpl=dpl_7diqUGz9N5PHggdu297s1dGvtf5J,2026-06-29
https://www.modonty.com/_next/static/chunks/14g7bxqia5act.css?dpl=dpl_7diqUGz9N5PHggdu297s1dGvtf5J,2026-06-29
https://www.modonty.com/_next/static/chunks/17ur7qytzvauj.js?dpl=dpl_7diqUGz9N5PHggdu297s1dGvtf5J,2026-06-29
https://www.modonty.com/_next/static/chunks/1hdseorfdk8uj.css?dpl=dpl_7diqUGz9N5PHggdu297s1dGvtf5J,2026-06-29
https://www.modonty.com/_next/static/chunks/1qwfl81ca7v0c.js?dpl=dpl_7diqUGz9N5PHggdu297s1dGvtf5J,2026-06-29
https://www.modonty.com/_next/static/chunks/213tns654w9oh.js?dpl=dpl_7diqUGz9N5PHggdu297s1dGvtf5J,2026-06-29
https://www.modonty.com/_next/static/chunks/2xc4dcw197rxg.js?dpl=dpl_7diqUGz9N5PHggdu297s1dGvtf5J,2026-06-29
https://www.modonty.com/_next/static/media/48e6fa8a5baca31f-s.p.14yttwb5hb7vt.woff2?dpl=dpl_7diqUGz9N5PHggdu297s1dGvtf5J,2026-06-29
https://www.modonty.com/_next/static/media/4b676bcffc00356a-s.p.24y4-vc3jpn8m.woff2?dpl=dpl_7diqUGz9N5PHggdu297s1dGvtf5J,2026-06-29
https://www.modonty.com/_next/static/media/d54db18e8cd5f74f-s.p.0ji0xjltb6ro5.woff2?dpl=dpl_7diqUGz9N5PHggdu297s1dGvtf5J,2026-06-29
https://www.modonty.com/_next/static/media/e7b64a7fde1a3d32-s.p.2g2pkky1i4_-n.woff2?dpl=dpl_7diqUGz9N5PHggdu297s1dGvtf5J,2026-06-29
https://www.modonty.com/_next/static/media/e8f2fbee2754df70-s.p.1dqa_6e_ad4sj.woff2?dpl=dpl_7diqUGz9N5PHggdu297s1dGvtf5J,2026-06-29
https://www.modonty.com/_next/static/media/f0e0669539caf32a-s.p.2cslzs_83-cos.woff2?dpl=dpl_7diqUGz9N5PHggdu297s1dGvtf5J,2026-06-29
https://www.modonty.com/_next/static/chunks/23lv8bqb7figg.js?dpl=dpl_7CKbFdK3CQTG4ShYwSxZoCJjPqzp,2026-06-28
https://www.modonty.com/_next/static/chunks/0e-f4zwxaib94.js?dpl=dpl_GRmqcuyzaQ4Zh9xKKrttLfXvYFFH,2026-06-27
https://www.modonty.com/_next/static/chunks/0lzzxh0_q9cql.js?dpl=dpl_GRmqcuyzaQ4Zh9xKKrttLfXvYFFH,2026-06-27
https://www.modonty.com/_next/static/chunks/0m5mlnn0u6xx8.js?dpl=dpl_GRmqcuyzaQ4Zh9xKKrttLfXvYFFH,2026-06-27
https://www.modonty.com/_next/static/chunks/0pq-q74jujpk9.js?dpl=dpl_GRmqcuyzaQ4Zh9xKKrttLfXvYFFH,2026-06-27
https://www.modonty.com/_next/static/chunks/0xwxcxvotrztu.js?dpl=dpl_GRmqcuyzaQ4Zh9xKKrttLfXvYFFH,2026-06-27
https://www.modonty.com/_next/static/chunks/1-zms1jh2s2ck.css?dpl=dpl_GRmqcuyzaQ4Zh9xKKrttLfXvYFFH,2026-06-27
https://www.modonty.com/_next/static/chunks/17ur7qytzvauj.js?dpl=dpl_GRmqcuyzaQ4Zh9xKKrttLfXvYFFH,2026-06-27
https://www.modonty.com/_next/static/chunks/1hdseorfdk8uj.css?dpl=dpl_GRmqcuyzaQ4Zh9xKKrttLfXvYFFH,2026-06-27
https://www.modonty.com/_next/static/chunks/1qwfl81ca7v0c.js?dpl=dpl_GRmqcuyzaQ4Zh9xKKrttLfXvYFFH,2026-06-27
https://www.modonty.com/_next/static/chunks/213tns654w9oh.js?dpl=dpl_GRmqcuyzaQ4Zh9xKKrttLfXvYFFH,2026-06-27
https://www.modonty.com/_next/static/chunks/2xc4dcw197rxg.js?dpl=dpl_GRmqcuyzaQ4Zh9xKKrttLfXvYFFH,2026-06-27
https://www.modonty.com/_next/static/media/48e6fa8a5baca31f-s.p.14yttwb5hb7vt.woff2?dpl=dpl_GRmqcuyzaQ4Zh9xKKrttLfXvYFFH,2026-06-27
https://www.modonty.com/_next/static/media/4b676bcffc00356a-s.p.24y4-vc3jpn8m.woff2?dpl=dpl_GRmqcuyzaQ4Zh9xKKrttLfXvYFFH,2026-06-27
https://www.modonty.com/_next/static/media/d54db18e8cd5f74f-s.p.0ji0xjltb6ro5.woff2?dpl=dpl_GRmqcuyzaQ4Zh9xKKrttLfXvYFFH,2026-06-27
https://www.modonty.com/_next/static/media/e7b64a7fde1a3d32-s.p.2g2pkky1i4_-n.woff2?dpl=dpl_GRmqcuyzaQ4Zh9xKKrttLfXvYFFH,2026-06-27
https://www.modonty.com/_next/static/media/e8f2fbee2754df70-s.p.1dqa_6e_ad4sj.woff2?dpl=dpl_GRmqcuyzaQ4Zh9xKKrttLfXvYFFH,2026-06-27
https://www.modonty.com/_next/static/media/f0e0669539caf32a-s.p.2cslzs_83-cos.woff2?dpl=dpl_GRmqcuyzaQ4Zh9xKKrttLfXvYFFH,2026-06-27
https://www.modonty.com/_next/static/chunks/0e-f4zwxaib94.js?dpl=dpl_8HdWhaJZuhP1NrBQSiLYrbeydMit,2026-06-26
https://www.modonty.com/_next/static/chunks/0lzzxh0_q9cql.js?dpl=dpl_8HdWhaJZuhP1NrBQSiLYrbeydMit,2026-06-26
https://www.modonty.com/_next/static/chunks/0m5mlnn0u6xx8.js?dpl=dpl_8HdWhaJZuhP1NrBQSiLYrbeydMit,2026-06-26
https://www.modonty.com/_next/static/chunks/0pq-q74jujpk9.js?dpl=dpl_8HdWhaJZuhP1NrBQSiLYrbeydMit,2026-06-26
https://www.modonty.com/_next/static/chunks/0xwxcxvotrztu.js?dpl=dpl_8HdWhaJZuhP1NrBQSiLYrbeydMit,2026-06-26
https://www.modonty.com/_next/static/chunks/17ur7qytzvauj.js?dpl=dpl_8HdWhaJZuhP1NrBQSiLYrbeydMit,2026-06-26
https://www.modonty.com/_next/static/chunks/1hdseorfdk8uj.css?dpl=dpl_8HdWhaJZuhP1NrBQSiLYrbeydMit,2026-06-26
https://www.modonty.com/_next/static/chunks/1qwfl81ca7v0c.js?dpl=dpl_8HdWhaJZuhP1NrBQSiLYrbeydMit,2026-06-26
https://www.modonty.com/_next/static/chunks/213tns654w9oh.js?dpl=dpl_8HdWhaJZuhP1NrBQSiLYrbeydMit,2026-06-26
https://www.modonty.com/_next/static/chunks/2flhe_le_f5b1.css?dpl=dpl_8HdWhaJZuhP1NrBQSiLYrbeydMit,2026-06-26
https://www.modonty.com/_next/static/chunks/2xc4dcw197rxg.js?dpl=dpl_8HdWhaJZuhP1NrBQSiLYrbeydMit,2026-06-26
https://www.modonty.com/_next/static/media/48e6fa8a5baca31f-s.p.14yttwb5hb7vt.woff2?dpl=dpl_8HdWhaJZuhP1NrBQSiLYrbeydMit,2026-06-26
https://www.modonty.com/_next/static/media/4b676bcffc00356a-s.p.24y4-vc3jpn8m.woff2?dpl=dpl_8HdWhaJZuhP1NrBQSiLYrbeydMit,2026-06-26
https://www.modonty.com/_next/static/media/d54db18e8cd5f74f-s.p.0ji0xjltb6ro5.woff2?dpl=dpl_8HdWhaJZuhP1NrBQSiLYrbeydMit,2026-06-26
https://www.modonty.com/_next/static/media/e7b64a7fde1a3d32-s.p.2g2pkky1i4_-n.woff2?dpl=dpl_8HdWhaJZuhP1NrBQSiLYrbeydMit,2026-06-26
https://www.modonty.com/_next/static/media/e8f2fbee2754df70-s.p.1dqa_6e_ad4sj.woff2?dpl=dpl_8HdWhaJZuhP1NrBQSiLYrbeydMit,2026-06-26
https://www.modonty.com/_next/static/media/f0e0669539caf32a-s.p.2cslzs_83-cos.woff2?dpl=dpl_8HdWhaJZuhP1NrBQSiLYrbeydMit,2026-06-26
https://www.modonty.com/_next/static/chunks/1_rc8rx7cucj2.js?dpl=dpl_Bb4smJejFLFXYZfG7yezzAmxghjc,2026-06-26
https://www.modonty.com/_next/static/chunks/0e-f4zwxaib94.js?dpl=dpl_AkXsmiDAbztowKVfayZnLYvhoxve,2026-06-26
https://www.modonty.com/_next/static/chunks/0lzzxh0_q9cql.js?dpl=dpl_AkXsmiDAbztowKVfayZnLYvhoxve,2026-06-26
https://www.modonty.com/_next/static/chunks/0m5mlnn0u6xx8.js?dpl=dpl_AkXsmiDAbztowKVfayZnLYvhoxve,2026-06-26
https://www.modonty.com/_next/static/chunks/0pq-q74jujpk9.js?dpl=dpl_AkXsmiDAbztowKVfayZnLYvhoxve,2026-06-26
https://www.modonty.com/_next/static/chunks/0xwxcxvotrztu.js?dpl=dpl_AkXsmiDAbztowKVfayZnLYvhoxve,2026-06-26
https://www.modonty.com/_next/static/chunks/17ur7qytzvauj.js?dpl=dpl_AkXsmiDAbztowKVfayZnLYvhoxve,2026-06-26
https://www.modonty.com/_next/static/chunks/1hdseorfdk8uj.css?dpl=dpl_AkXsmiDAbztowKVfayZnLYvhoxve,2026-06-26
https://www.modonty.com/_next/static/chunks/1qwfl81ca7v0c.js?dpl=dpl_AkXsmiDAbztowKVfayZnLYvhoxve,2026-06-26
https://www.modonty.com/_next/static/chunks/213tns654w9oh.js?dpl=dpl_AkXsmiDAbztowKVfayZnLYvhoxve,2026-06-26
https://www.modonty.com/_next/static/chunks/2xc4dcw197rxg.js?dpl=dpl_AkXsmiDAbztowKVfayZnLYvhoxve,2026-06-26
https://www.modonty.com/_next/static/chunks/3ijlh37qsrpz6.css?dpl=dpl_AkXsmiDAbztowKVfayZnLYvhoxve,2026-06-26
https://www.modonty.com/_next/static/media/48e6fa8a5baca31f-s.p.14yttwb5hb7vt.woff2?dpl=dpl_AkXsmiDAbztowKVfayZnLYvhoxve,2026-06-26
https://www.modonty.com/_next/static/media/4b676bcffc00356a-s.p.24y4-vc3jpn8m.woff2?dpl=dpl_AkXsmiDAbztowKVfayZnLYvhoxve,2026-06-26
https://www.modonty.com/_next/static/media/d54db18e8cd5f74f-s.p.0ji0xjltb6ro5.woff2?dpl=dpl_AkXsmiDAbztowKVfayZnLYvhoxve,2026-06-26
https://www.modonty.com/_next/static/media/e7b64a7fde1a3d32-s.p.2g2pkky1i4_-n.woff2?dpl=dpl_AkXsmiDAbztowKVfayZnLYvhoxve,2026-06-26
https://www.modonty.com/_next/static/media/e8f2fbee2754df70-s.p.1dqa_6e_ad4sj.woff2?dpl=dpl_AkXsmiDAbztowKVfayZnLYvhoxve,2026-06-26
https://www.modonty.com/_next/static/media/f0e0669539caf32a-s.p.2cslzs_83-cos.woff2?dpl=dpl_AkXsmiDAbztowKVfayZnLYvhoxve,2026-06-26
https://www.modonty.com/_next/static/chunks/02a3bwi6a5fx5.js?dpl=dpl_GP2gUgedPKKshVnJrRKWvzJfejWv,2026-06-25
https://www.modonty.com/_next/static/chunks/1qwfl81ca7v0c.js?dpl=dpl_GP2gUgedPKKshVnJrRKWvzJfejWv,2026-06-25
https://www.modonty.com/_next/static/chunks/200-plahct3lm.js?dpl=dpl_GP2gUgedPKKshVnJrRKWvzJfejWv,2026-06-25
https://www.modonty.com/_next/static/chunks/2llrfm6en8h7a.js?dpl=dpl_GP2gUgedPKKshVnJrRKWvzJfejWv,2026-06-25
https://www.modonty.com/_next/static/chunks/2mf0xwt76cnag.js?dpl=dpl_GP2gUgedPKKshVnJrRKWvzJfejWv,2026-06-25
https://www.modonty.com/_next/static/chunks/2tqpl0bet633u.js?dpl=dpl_GP2gUgedPKKshVnJrRKWvzJfejWv,2026-06-25
https://www.modonty.com/_next/static/chunks/2xng5zr3p113l.js?dpl=dpl_GP2gUgedPKKshVnJrRKWvzJfejWv,2026-06-25
https://www.modonty.com/_next/static/chunks/3_qhv4i8dgva6.js?dpl=dpl_GP2gUgedPKKshVnJrRKWvzJfejWv,2026-06-25
https://www.modonty.com/_next/static/chunks/3s4l4r084umxt.css?dpl=dpl_GP2gUgedPKKshVnJrRKWvzJfejWv,2026-06-25
https://www.modonty.com/_next/static/chunks/3ule2ipyjl00f.css?dpl=dpl_GP2gUgedPKKshVnJrRKWvzJfejWv,2026-06-25
https://www.modonty.com/_next/static/media/1d2cc0c079997359-s.p.44lktk7jzy0s-.woff2?dpl=dpl_GP2gUgedPKKshVnJrRKWvzJfejWv,2026-06-25
https://www.modonty.com/_next/static/media/48e6fa8a5baca31f-s.p.14yttwb5hb7vt.woff2?dpl=dpl_GP2gUgedPKKshVnJrRKWvzJfejWv,2026-06-25
https://www.modonty.com/_next/static/media/d54db18e8cd5f74f-s.p.0ji0xjltb6ro5.woff2?dpl=dpl_GP2gUgedPKKshVnJrRKWvzJfejWv,2026-06-25
https://www.modonty.com/_next/static/media/e7b64a7fde1a3d32-s.p.2g2pkky1i4_-n.woff2?dpl=dpl_GP2gUgedPKKshVnJrRKWvzJfejWv,2026-06-25
https://www.modonty.com/_next/static/media/e8f2fbee2754df70-s.p.1dqa_6e_ad4sj.woff2?dpl=dpl_GP2gUgedPKKshVnJrRKWvzJfejWv,2026-06-25
https://www.modonty.com/_next/static/media/f0e0669539caf32a-s.p.2cslzs_83-cos.woff2?dpl=dpl_GP2gUgedPKKshVnJrRKWvzJfejWv,2026-06-25
https://www.modonty.com/_next/static/chunks/02a3bwi6a5fx5.js?dpl=dpl_5ZEMkr7Z9iaU7t9QzoFFC4GovGQF,2026-06-24
https://www.modonty.com/_next/static/chunks/0ue4k4sz9b_x6.js?dpl=dpl_5ZEMkr7Z9iaU7t9QzoFFC4GovGQF,2026-06-24
https://www.modonty.com/_next/static/chunks/1ekmqmnkwcazn.js?dpl=dpl_5ZEMkr7Z9iaU7t9QzoFFC4GovGQF,2026-06-24
https://www.modonty.com/_next/static/chunks/1qwfl81ca7v0c.js?dpl=dpl_5ZEMkr7Z9iaU7t9QzoFFC4GovGQF,2026-06-24
https://www.modonty.com/_next/static/chunks/2llrfm6en8h7a.js?dpl=dpl_5ZEMkr7Z9iaU7t9QzoFFC4GovGQF,2026-06-24
https://www.modonty.com/_next/static/chunks/2tqpl0bet633u.js?dpl=dpl_5ZEMkr7Z9iaU7t9QzoFFC4GovGQF,2026-06-24
https://www.modonty.com/_next/static/chunks/2xng5zr3p113l.js?dpl=dpl_5ZEMkr7Z9iaU7t9QzoFFC4GovGQF,2026-06-24
https://www.modonty.com/_next/static/chunks/3_qhv4i8dgva6.js?dpl=dpl_5ZEMkr7Z9iaU7t9QzoFFC4GovGQF,2026-06-24
https://www.modonty.com/_next/static/chunks/3mr5el5je8kgk.css?dpl=dpl_5ZEMkr7Z9iaU7t9QzoFFC4GovGQF,2026-06-24
https://www.modonty.com/_next/static/chunks/44rx-ia0x1f61.css?dpl=dpl_5ZEMkr7Z9iaU7t9QzoFFC4GovGQF,2026-06-24
https://www.modonty.com/_next/static/media/1d2cc0c079997359-s.p.44lktk7jzy0s-.woff2?dpl=dpl_5ZEMkr7Z9iaU7t9QzoFFC4GovGQF,2026-06-24
https://www.modonty.com/_next/static/media/48e6fa8a5baca31f-s.p.14yttwb5hb7vt.woff2?dpl=dpl_5ZEMkr7Z9iaU7t9QzoFFC4GovGQF,2026-06-24
https://www.modonty.com/_next/static/media/d54db18e8cd5f74f-s.p.0ji0xjltb6ro5.woff2?dpl=dpl_5ZEMkr7Z9iaU7t9QzoFFC4GovGQF,2026-06-24
https://www.modonty.com/_next/static/media/e7b64a7fde1a3d32-s.p.2g2pkky1i4_-n.woff2?dpl=dpl_5ZEMkr7Z9iaU7t9QzoFFC4GovGQF,2026-06-24
https://www.modonty.com/_next/static/media/e8f2fbee2754df70-s.p.1dqa_6e_ad4sj.woff2?dpl=dpl_5ZEMkr7Z9iaU7t9QzoFFC4GovGQF,2026-06-24
https://www.modonty.com/_next/static/media/f0e0669539caf32a-s.p.2cslzs_83-cos.woff2?dpl=dpl_5ZEMkr7Z9iaU7t9QzoFFC4GovGQF,2026-06-24
https://www.modonty.com/_next/static/media/4b676bcffc00356a-s.p.24y4-vc3jpn8m.woff2?dpl=dpl_Cb7oJ7Pvzu6cfJCMForTzLGiywm4,2026-06-23
https://www.modonty.com/_next/static/chunks/02a3bwi6a5fx5.js?dpl=dpl_Cb7oJ7Pvzu6cfJCMForTzLGiywm4,2026-06-23
https://www.modonty.com/_next/static/chunks/0_bkkxd2xahd1.js?dpl=dpl_Cb7oJ7Pvzu6cfJCMForTzLGiywm4,2026-06-23
https://www.modonty.com/_next/static/chunks/0mzqiugf_2vrk.css?dpl=dpl_Cb7oJ7Pvzu6cfJCMForTzLGiywm4,2026-06-23
https://www.modonty.com/_next/static/chunks/0o7vjrk9iujg2.js?dpl=dpl_Cb7oJ7Pvzu6cfJCMForTzLGiywm4,2026-06-23
https://www.modonty.com/_next/static/chunks/16p-o5jjhf5t1.js?dpl=dpl_Cb7oJ7Pvzu6cfJCMForTzLGiywm4,2026-06-23
https://www.modonty.com/_next/static/chunks/1qwfl81ca7v0c.js?dpl=dpl_Cb7oJ7Pvzu6cfJCMForTzLGiywm4,2026-06-23
https://www.modonty.com/_next/static/chunks/2tqpl0bet633u.js?dpl=dpl_Cb7oJ7Pvzu6cfJCMForTzLGiywm4,2026-06-23
https://www.modonty.com/_next/static/chunks/32f5gx-nrb7r4.css?dpl=dpl_Cb7oJ7Pvzu6cfJCMForTzLGiywm4,2026-06-23
https://www.modonty.com/_next/static/chunks/3bv2yvqekdx93.js?dpl=dpl_Cb7oJ7Pvzu6cfJCMForTzLGiywm4,2026-06-23
https://www.modonty.com/_next/static/chunks/43x2s0t07fan_.js?dpl=dpl_Cb7oJ7Pvzu6cfJCMForTzLGiywm4,2026-06-23
https://www.modonty.com/_next/static/media/1d2cc0c079997359-s.p.44lktk7jzy0s-.woff2?dpl=dpl_Cb7oJ7Pvzu6cfJCMForTzLGiywm4,2026-06-23
https://www.modonty.com/_next/static/media/48e6fa8a5baca31f-s.p.14yttwb5hb7vt.woff2?dpl=dpl_Cb7oJ7Pvzu6cfJCMForTzLGiywm4,2026-06-23
https://www.modonty.com/_next/static/media/d54db18e8cd5f74f-s.p.0ji0xjltb6ro5.woff2?dpl=dpl_Cb7oJ7Pvzu6cfJCMForTzLGiywm4,2026-06-23
https://www.modonty.com/_next/static/media/e7b64a7fde1a3d32-s.p.2g2pkky1i4_-n.woff2?dpl=dpl_Cb7oJ7Pvzu6cfJCMForTzLGiywm4,2026-06-23
https://www.modonty.com/_next/static/media/e8f2fbee2754df70-s.p.1dqa_6e_ad4sj.woff2?dpl=dpl_Cb7oJ7Pvzu6cfJCMForTzLGiywm4,2026-06-23
https://www.modonty.com/_next/static/media/f0e0669539caf32a-s.p.2cslzs_83-cos.woff2?dpl=dpl_Cb7oJ7Pvzu6cfJCMForTzLGiywm4,2026-06-23
https://www.modonty.com/_next/static/chunks/1qwfl81ca7v0c.js?dpl=dpl_AsnbEXwRnZHHGX5KQ3PJWDayKvPu,2026-06-23
https://www.modonty.com/_next/static/chunks/2tqpl0bet633u.js?dpl=dpl_AsnbEXwRnZHHGX5KQ3PJWDayKvPu,2026-06-23
https://www.modonty.com/_next/static/chunks/3y_xbgxe7bs3p.js?dpl=dpl_AsnbEXwRnZHHGX5KQ3PJWDayKvPu,2026-06-23
https://www.modonty.com/_next/static/media/1d2cc0c079997359-s.p.44lktk7jzy0s-.woff2?dpl=dpl_AsnbEXwRnZHHGX5KQ3PJWDayKvPu,2026-06-23
https://www.modonty.com/_next/static/media/e8f2fbee2754df70-s.p.1dqa_6e_ad4sj.woff2?dpl=dpl_AsnbEXwRnZHHGX5KQ3PJWDayKvPu,2026-06-23
https://www.modonty.com/_next/static/chunks/02a3bwi6a5fx5.js?dpl=dpl_AsnbEXwRnZHHGX5KQ3PJWDayKvPu,2026-06-23
https://www.modonty.com/_next/static/chunks/0_bkkxd2xahd1.js?dpl=dpl_AsnbEXwRnZHHGX5KQ3PJWDayKvPu,2026-06-23
https://www.modonty.com/_next/static/chunks/0netx-iox5m5t.js?dpl=dpl_AsnbEXwRnZHHGX5KQ3PJWDayKvPu,2026-06-23
https://www.modonty.com/_next/static/chunks/0o7vjrk9iujg2.js?dpl=dpl_AsnbEXwRnZHHGX5KQ3PJWDayKvPu,2026-06-23
https://www.modonty.com/_next/static/chunks/1tncumly_1wbp.js?dpl=dpl_AsnbEXwRnZHHGX5KQ3PJWDayKvPu,2026-06-23
https://www.modonty.com/_next/static/chunks/35hzz1bse1-uz.css?dpl=dpl_AsnbEXwRnZHHGX5KQ3PJWDayKvPu,2026-06-23
https://www.modonty.com/_next/static/chunks/3kl7mzig7_uun.css?dpl=dpl_AsnbEXwRnZHHGX5KQ3PJWDayKvPu,2026-06-23
https://www.modonty.com/_next/static/media/48e6fa8a5baca31f-s.p.14yttwb5hb7vt.woff2?dpl=dpl_AsnbEXwRnZHHGX5KQ3PJWDayKvPu,2026-06-23
https://www.modonty.com/_next/static/media/4b676bcffc00356a-s.p.24y4-vc3jpn8m.woff2?dpl=dpl_AsnbEXwRnZHHGX5KQ3PJWDayKvPu,2026-06-23
https://www.modonty.com/_next/static/media/d54db18e8cd5f74f-s.p.0ji0xjltb6ro5.woff2?dpl=dpl_AsnbEXwRnZHHGX5KQ3PJWDayKvPu,2026-06-23
https://www.modonty.com/_next/static/media/e7b64a7fde1a3d32-s.p.2g2pkky1i4_-n.woff2?dpl=dpl_AsnbEXwRnZHHGX5KQ3PJWDayKvPu,2026-06-23
https://www.modonty.com/_next/static/media/f0e0669539caf32a-s.p.2cslzs_83-cos.woff2?dpl=dpl_AsnbEXwRnZHHGX5KQ3PJWDayKvPu,2026-06-23
https://www.modonty.com/_next/static/media/e7b64a7fde1a3d32-s.p.2g2pkky1i4_-n.woff2?dpl=dpl_GBD5JwKfHy9fdvYm3UFZSzcc49zF,2026-06-15
https://www.modonty.com/_next/static/chunks/02a3bwi6a5fx5.js?dpl=dpl_GBD5JwKfHy9fdvYm3UFZSzcc49zF,2026-06-15
https://www.modonty.com/_next/static/chunks/0_bkkxd2xahd1.js?dpl=dpl_GBD5JwKfHy9fdvYm3UFZSzcc49zF,2026-06-15
https://www.modonty.com/_next/static/chunks/0f4oav7sd8u63.css?dpl=dpl_GBD5JwKfHy9fdvYm3UFZSzcc49zF,2026-06-15
https://www.modonty.com/_next/static/chunks/0netx-iox5m5t.js?dpl=dpl_GBD5JwKfHy9fdvYm3UFZSzcc49zF,2026-06-15
https://www.modonty.com/_next/static/chunks/0o7vjrk9iujg2.js?dpl=dpl_GBD5JwKfHy9fdvYm3UFZSzcc49zF,2026-06-15
https://www.modonty.com/_next/static/chunks/1qwfl81ca7v0c.js?dpl=dpl_GBD5JwKfHy9fdvYm3UFZSzcc49zF,2026-06-15
https://www.modonty.com/_next/static/chunks/29c9d7-r917o3.js?dpl=dpl_GBD5JwKfHy9fdvYm3UFZSzcc49zF,2026-06-15
https://www.modonty.com/_next/static/chunks/2tqpl0bet633u.js?dpl=dpl_GBD5JwKfHy9fdvYm3UFZSzcc49zF,2026-06-15
https://www.modonty.com/_next/static/chunks/3ihavuckvzfsv.js?dpl=dpl_GBD5JwKfHy9fdvYm3UFZSzcc49zF,2026-06-15
https://www.modonty.com/_next/static/chunks/3xduqzdsx6vec.css?dpl=dpl_GBD5JwKfHy9fdvYm3UFZSzcc49zF,2026-06-15
https://www.modonty.com/_next/static/chunks/3y_xbgxe7bs3p.js?dpl=dpl_GBD5JwKfHy9fdvYm3UFZSzcc49zF,2026-06-15
https://www.modonty.com/_next/static/media/48e6fa8a5baca31f-s.p.14yttwb5hb7vt.woff2?dpl=dpl_GBD5JwKfHy9fdvYm3UFZSzcc49zF,2026-06-15
https://www.modonty.com/_next/static/media/4b676bcffc00356a-s.p.24y4-vc3jpn8m.woff2?dpl=dpl_GBD5JwKfHy9fdvYm3UFZSzcc49zF,2026-06-15
https://www.modonty.com/_next/static/media/d54db18e8cd5f74f-s.p.0ji0xjltb6ro5.woff2?dpl=dpl_GBD5JwKfHy9fdvYm3UFZSzcc49zF,2026-06-15
https://www.modonty.com/_next/static/media/e8f2fbee2754df70-s.p.1dqa_6e_ad4sj.woff2?dpl=dpl_GBD5JwKfHy9fdvYm3UFZSzcc49zF,2026-06-15
https://www.modonty.com/_next/static/media/f0e0669539caf32a-s.p.2cslzs_83-cos.woff2?dpl=dpl_GBD5JwKfHy9fdvYm3UFZSzcc49zF,2026-06-15
https://www.modonty.com/_next/static/chunks/1_rc8rx7cucj2.js?dpl=dpl_6dgP423T6yMkQRUkwVMiVxCgPYm7,2026-06-15
https://www.modonty.com/_next/static/chunks/02a3bwi6a5fx5.js?dpl=dpl_9DUtYDkhFGBfpUJ8fYMcJjWh5pNj,2026-06-14
https://www.modonty.com/_next/static/chunks/08_wcjsufbc4t.css?dpl=dpl_9DUtYDkhFGBfpUJ8fYMcJjWh5pNj,2026-06-14
https://www.modonty.com/_next/static/chunks/09hw4-abz72ra.js?dpl=dpl_9DUtYDkhFGBfpUJ8fYMcJjWh5pNj,2026-06-14
https://www.modonty.com/_next/static/chunks/0_bkkxd2xahd1.js?dpl=dpl_9DUtYDkhFGBfpUJ8fYMcJjWh5pNj,2026-06-14
https://www.modonty.com/_next/static/chunks/0o7vjrk9iujg2.js?dpl=dpl_9DUtYDkhFGBfpUJ8fYMcJjWh5pNj,2026-06-14
https://www.modonty.com/_next/static/chunks/1qwfl81ca7v0c.js?dpl=dpl_9DUtYDkhFGBfpUJ8fYMcJjWh5pNj,2026-06-14
https://www.modonty.com/_next/static/chunks/29c9d7-r917o3.js?dpl=dpl_9DUtYDkhFGBfpUJ8fYMcJjWh5pNj,2026-06-14
https://www.modonty.com/_next/static/chunks/2eb_2e66xrz0m.js?dpl=dpl_9DUtYDkhFGBfpUJ8fYMcJjWh5pNj,2026-06-14
https://www.modonty.com/_next/static/chunks/2tqpl0bet633u.js?dpl=dpl_9DUtYDkhFGBfpUJ8fYMcJjWh5pNj,2026-06-14
https://www.modonty.com/_next/static/chunks/32sph5ze_9y7q.js?dpl=dpl_9DUtYDkhFGBfpUJ8fYMcJjWh5pNj,2026-06-14
https://www.modonty.com/_next/static/chunks/3wa-p08c0u_qf.css?dpl=dpl_9DUtYDkhFGBfpUJ8fYMcJjWh5pNj,2026-06-14
https://www.modonty.com/_next/static/media/48e6fa8a5baca31f-s.p.14yttwb5hb7vt.woff2?dpl=dpl_9DUtYDkhFGBfpUJ8fYMcJjWh5pNj,2026-06-14
https://www.modonty.com/_next/static/media/4b676bcffc00356a-s.p.24y4-vc3jpn8m.woff2?dpl=dpl_9DUtYDkhFGBfpUJ8fYMcJjWh5pNj,2026-06-14
https://www.modonty.com/_next/static/media/d54db18e8cd5f74f-s.p.0ji0xjltb6ro5.woff2?dpl=dpl_9DUtYDkhFGBfpUJ8fYMcJjWh5pNj,2026-06-14
https://www.modonty.com/_next/static/media/e8f2fbee2754df70-s.p.1dqa_6e_ad4sj.woff2?dpl=dpl_9DUtYDkhFGBfpUJ8fYMcJjWh5pNj,2026-06-14
https://www.modonty.com/_next/static/media/e7b64a7fde1a3d32-s.p.2g2pkky1i4_-n.woff2?dpl=dpl_9DUtYDkhFGBfpUJ8fYMcJjWh5pNj,2026-06-14
https://www.modonty.com/_next/static/media/f0e0669539caf32a-s.p.2cslzs_83-cos.woff2?dpl=dpl_9DUtYDkhFGBfpUJ8fYMcJjWh5pNj,2026-06-14
https://www.modonty.com/_next/static/chunks/02a3bwi6a5fx5.js?dpl=dpl_6dgP423T6yMkQRUkwVMiVxCgPYm7,2026-06-13
https://www.modonty.com/_next/static/chunks/08_wcjsufbc4t.css?dpl=dpl_6dgP423T6yMkQRUkwVMiVxCgPYm7,2026-06-13
https://www.modonty.com/_next/static/chunks/09hw4-abz72ra.js?dpl=dpl_6dgP423T6yMkQRUkwVMiVxCgPYm7,2026-06-13
https://www.modonty.com/_next/static/chunks/0_bkkxd2xahd1.js?dpl=dpl_6dgP423T6yMkQRUkwVMiVxCgPYm7,2026-06-13
https://www.modonty.com/_next/static/chunks/0o7vjrk9iujg2.js?dpl=dpl_6dgP423T6yMkQRUkwVMiVxCgPYm7,2026-06-13
https://www.modonty.com/_next/static/chunks/1qwfl81ca7v0c.js?dpl=dpl_6dgP423T6yMkQRUkwVMiVxCgPYm7,2026-06-13
https://www.modonty.com/_next/static/chunks/1tvt_hhmgrg28.css?dpl=dpl_6dgP423T6yMkQRUkwVMiVxCgPYm7,2026-06-13
https://www.modonty.com/_next/static/chunks/29c9d7-r917o3.js?dpl=dpl_6dgP423T6yMkQRUkwVMiVxCgPYm7,2026-06-13
https://www.modonty.com/_next/static/chunks/2eb_2e66xrz0m.js?dpl=dpl_6dgP423T6yMkQRUkwVMiVxCgPYm7,2026-06-13
https://www.modonty.com/_next/static/chunks/2tqpl0bet633u.js?dpl=dpl_6dgP423T6yMkQRUkwVMiVxCgPYm7,2026-06-13
https://www.modonty.com/_next/static/chunks/3fu4e5uib5iyn.js?dpl=dpl_6dgP423T6yMkQRUkwVMiVxCgPYm7,2026-06-13
https://www.modonty.com/_next/static/media/48e6fa8a5baca31f-s.p.14yttwb5hb7vt.woff2?dpl=dpl_6dgP423T6yMkQRUkwVMiVxCgPYm7,2026-06-13
https://www.modonty.com/_next/static/media/4b676bcffc00356a-s.p.24y4-vc3jpn8m.woff2?dpl=dpl_6dgP423T6yMkQRUkwVMiVxCgPYm7,2026-06-13
https://www.modonty.com/_next/static/media/d54db18e8cd5f74f-s.p.0ji0xjltb6ro5.woff2?dpl=dpl_6dgP423T6yMkQRUkwVMiVxCgPYm7,2026-06-13
https://www.modonty.com/_next/static/media/e7b64a7fde1a3d32-s.p.2g2pkky1i4_-n.woff2?dpl=dpl_6dgP423T6yMkQRUkwVMiVxCgPYm7,2026-06-13
https://www.modonty.com/_next/static/media/e8f2fbee2754df70-s.p.1dqa_6e_ad4sj.woff2?dpl=dpl_6dgP423T6yMkQRUkwVMiVxCgPYm7,2026-06-13
https://www.modonty.com/_next/static/media/f0e0669539caf32a-s.p.2cslzs_83-cos.woff2?dpl=dpl_6dgP423T6yMkQRUkwVMiVxCgPYm7,2026-06-13
https://www.modonty.com/_next/static/chunks/02a3bwi6a5fx5.js?dpl=dpl_9JAjdrkJjWDwp8LUjZXjPdfoWA9v,2026-06-12
https://www.modonty.com/_next/static/chunks/0o7vjrk9iujg2.js?dpl=dpl_9JAjdrkJjWDwp8LUjZXjPdfoWA9v,2026-06-12
https://www.modonty.com/_next/static/chunks/0qcplwto5fg80.js?dpl=dpl_9JAjdrkJjWDwp8LUjZXjPdfoWA9v,2026-06-12
https://www.modonty.com/_next/static/chunks/17adyr8qhzgvb.css?dpl=dpl_9JAjdrkJjWDwp8LUjZXjPdfoWA9v,2026-06-12
https://www.modonty.com/_next/static/chunks/1pg9y93u__gun.js?dpl=dpl_9JAjdrkJjWDwp8LUjZXjPdfoWA9v,2026-06-12
https://www.modonty.com/_next/static/chunks/1qbft2tyn4vt4.css?dpl=dpl_9JAjdrkJjWDwp8LUjZXjPdfoWA9v,2026-06-12
https://www.modonty.com/_next/static/chunks/1qwfl81ca7v0c.js?dpl=dpl_9JAjdrkJjWDwp8LUjZXjPdfoWA9v,2026-06-12
https://www.modonty.com/_next/static/chunks/1u7jet-sw-l_8.js?dpl=dpl_9JAjdrkJjWDwp8LUjZXjPdfoWA9v,2026-06-12
https://www.modonty.com/_next/static/chunks/2pa8eihsiw3-9.js?dpl=dpl_9JAjdrkJjWDwp8LUjZXjPdfoWA9v,2026-06-12
https://www.modonty.com/_next/static/chunks/2zsy46crgxwan.js?dpl=dpl_9JAjdrkJjWDwp8LUjZXjPdfoWA9v,2026-06-12
https://www.modonty.com/_next/static/chunks/33aq5zk33_q9w.js?dpl=dpl_9JAjdrkJjWDwp8LUjZXjPdfoWA9v,2026-06-12
https://www.modonty.com/_next/static/media/1d2cc0c079997359-s.p.44lktk7jzy0s-.woff2?dpl=dpl_9JAjdrkJjWDwp8LUjZXjPdfoWA9v,2026-06-12
https://www.modonty.com/_next/static/media/48e6fa8a5baca31f-s.p.14yttwb5hb7vt.woff2?dpl=dpl_9JAjdrkJjWDwp8LUjZXjPdfoWA9v,2026-06-12
https://www.modonty.com/_next/static/media/4b676bcffc00356a-s.p.24y4-vc3jpn8m.woff2?dpl=dpl_9JAjdrkJjWDwp8LUjZXjPdfoWA9v,2026-06-12
https://www.modonty.com/_next/static/media/d54db18e8cd5f74f-s.p.0ji0xjltb6ro5.woff2?dpl=dpl_9JAjdrkJjWDwp8LUjZXjPdfoWA9v,2026-06-12
https://www.modonty.com/_next/static/media/e7b64a7fde1a3d32-s.p.2g2pkky1i4_-n.woff2?dpl=dpl_9JAjdrkJjWDwp8LUjZXjPdfoWA9v,2026-06-12
https://www.modonty.com/_next/static/media/e8f2fbee2754df70-s.p.1dqa_6e_ad4sj.woff2?dpl=dpl_9JAjdrkJjWDwp8LUjZXjPdfoWA9v,2026-06-12
https://www.modonty.com/_next/static/media/f0e0669539caf32a-s.p.2cslzs_83-cos.woff2?dpl=dpl_9JAjdrkJjWDwp8LUjZXjPdfoWA9v,2026-06-12
https://www.modonty.com/_next/static/chunks/17epi4r2fja-s.js?dpl=dpl_EPhBmRvnL7JsM8sqF74WHmUFnE6D,2026-06-12
https://www.modonty.com/_next/static/chunks/02a3bwi6a5fx5.js?dpl=dpl_CxGKWZ7nw9bwJW4eCAn46A3fVKhQ,2026-06-11
https://www.modonty.com/_next/static/chunks/0gmyiv837a2x0.js?dpl=dpl_CxGKWZ7nw9bwJW4eCAn46A3fVKhQ,2026-06-11
https://www.modonty.com/_next/static/chunks/0o7vjrk9iujg2.js?dpl=dpl_CxGKWZ7nw9bwJW4eCAn46A3fVKhQ,2026-06-11
https://www.modonty.com/_next/static/chunks/1qwfl81ca7v0c.js?dpl=dpl_CxGKWZ7nw9bwJW4eCAn46A3fVKhQ,2026-06-11
https://www.modonty.com/_next/static/chunks/2h3r_hh00wibm.js?dpl=dpl_CxGKWZ7nw9bwJW4eCAn46A3fVKhQ,2026-06-11
https://www.modonty.com/_next/static/chunks/2pa8eihsiw3-9.js?dpl=dpl_CxGKWZ7nw9bwJW4eCAn46A3fVKhQ,2026-06-11
https://www.modonty.com/_next/static/chunks/2z4352nrv07_1.js?dpl=dpl_CxGKWZ7nw9bwJW4eCAn46A3fVKhQ,2026-06-11
https://www.modonty.com/_next/static/chunks/33aq5zk33_q9w.js?dpl=dpl_CxGKWZ7nw9bwJW4eCAn46A3fVKhQ,2026-06-11
https://www.modonty.com/_next/static/chunks/365wyaemqgkhm.css?dpl=dpl_CxGKWZ7nw9bwJW4eCAn46A3fVKhQ,2026-06-11
https://www.modonty.com/_next/static/chunks/3apjlc1hcw_1_.css?dpl=dpl_CxGKWZ7nw9bwJW4eCAn46A3fVKhQ,2026-06-11
https://www.modonty.com/_next/static/media/1d2cc0c079997359-s.p.44lktk7jzy0s-.woff2?dpl=dpl_CxGKWZ7nw9bwJW4eCAn46A3fVKhQ,2026-06-11
https://www.modonty.com/_next/static/media/48e6fa8a5baca31f-s.p.14yttwb5hb7vt.woff2?dpl=dpl_CxGKWZ7nw9bwJW4eCAn46A3fVKhQ,2026-06-11
https://www.modonty.com/_next/static/media/4b676bcffc00356a-s.p.24y4-vc3jpn8m.woff2?dpl=dpl_CxGKWZ7nw9bwJW4eCAn46A3fVKhQ,2026-06-11
https://www.modonty.com/_next/static/media/d54db18e8cd5f74f-s.p.0ji0xjltb6ro5.woff2?dpl=dpl_CxGKWZ7nw9bwJW4eCAn46A3fVKhQ,2026-06-11
https://www.modonty.com/_next/static/media/e7b64a7fde1a3d32-s.p.2g2pkky1i4_-n.woff2?dpl=dpl_CxGKWZ7nw9bwJW4eCAn46A3fVKhQ,2026-06-11
https://www.modonty.com/_next/static/media/f0e0669539caf32a-s.p.2cslzs_83-cos.woff2?dpl=dpl_CxGKWZ7nw9bwJW4eCAn46A3fVKhQ,2026-06-11
https://www.modonty.com/_next/static/media/4b676bcffc00356a-s.p.0oynfhj0_9xg2.woff2?dpl=dpl_8Jqy4nCr77rrL1833Ysic4vcj6yw,2026-06-11
https://www.modonty.com/_next/static/chunks/02a3bwi6a5fx5.js?dpl=dpl_5i7xoaeynUNtNsWnPh6QndBTXkJE,2026-06-11
https://www.modonty.com/_next/static/chunks/0gmyiv837a2x0.js?dpl=dpl_5i7xoaeynUNtNsWnPh6QndBTXkJE,2026-06-11
https://www.modonty.com/_next/static/chunks/0o7vjrk9iujg2.js?dpl=dpl_5i7xoaeynUNtNsWnPh6QndBTXkJE,2026-06-11
https://www.modonty.com/_next/static/chunks/1qwfl81ca7v0c.js?dpl=dpl_5i7xoaeynUNtNsWnPh6QndBTXkJE,2026-06-11
https://www.modonty.com/_next/static/chunks/2h3r_hh00wibm.js?dpl=dpl_5i7xoaeynUNtNsWnPh6QndBTXkJE,2026-06-11
https://www.modonty.com/_next/static/chunks/2pa8eihsiw3-9.js?dpl=dpl_5i7xoaeynUNtNsWnPh6QndBTXkJE,2026-06-11
https://www.modonty.com/_next/static/chunks/2z4352nrv07_1.js?dpl=dpl_5i7xoaeynUNtNsWnPh6QndBTXkJE,2026-06-11
https://www.modonty.com/_next/static/chunks/33aq5zk33_q9w.js?dpl=dpl_5i7xoaeynUNtNsWnPh6QndBTXkJE,2026-06-11
https://www.modonty.com/_next/static/chunks/365wyaemqgkhm.css?dpl=dpl_5i7xoaeynUNtNsWnPh6QndBTXkJE,2026-06-11
https://www.modonty.com/_next/static/chunks/43rjoef_yai3e.css?dpl=dpl_5i7xoaeynUNtNsWnPh6QndBTXkJE,2026-06-11
https://www.modonty.com/_next/static/media/1d2cc0c079997359-s.p.44lktk7jzy0s-.woff2?dpl=dpl_5i7xoaeynUNtNsWnPh6QndBTXkJE,2026-06-11
https://www.modonty.com/_next/static/media/48e6fa8a5baca31f-s.p.14yttwb5hb7vt.woff2?dpl=dpl_5i7xoaeynUNtNsWnPh6QndBTXkJE,2026-06-11
https://www.modonty.com/_next/static/media/4b676bcffc00356a-s.p.24y4-vc3jpn8m.woff2?dpl=dpl_5i7xoaeynUNtNsWnPh6QndBTXkJE,2026-06-11
https://www.modonty.com/_next/static/media/d54db18e8cd5f74f-s.p.0ji0xjltb6ro5.woff2?dpl=dpl_5i7xoaeynUNtNsWnPh6QndBTXkJE,2026-06-11
https://www.modonty.com/_next/static/media/e7b64a7fde1a3d32-s.p.2g2pkky1i4_-n.woff2?dpl=dpl_5i7xoaeynUNtNsWnPh6QndBTXkJE,2026-06-11
https://www.modonty.com/_next/static/media/f0e0669539caf32a-s.p.2cslzs_83-cos.woff2?dpl=dpl_5i7xoaeynUNtNsWnPh6QndBTXkJE,2026-06-11
https://www.modonty.com/_next/static/chunks/02a3bwi6a5fx5.js?dpl=dpl_4ikGzFXXnzdqWuyWtwJEXzgRA67B,2026-06-10
https://www.modonty.com/_next/static/chunks/0db-40n83_56x.css?dpl=dpl_4ikGzFXXnzdqWuyWtwJEXzgRA67B,2026-06-10
https://www.modonty.com/_next/static/chunks/0gmyiv837a2x0.js?dpl=dpl_4ikGzFXXnzdqWuyWtwJEXzgRA67B,2026-06-10
https://www.modonty.com/_next/static/chunks/0o7vjrk9iujg2.js?dpl=dpl_4ikGzFXXnzdqWuyWtwJEXzgRA67B,2026-06-10
https://www.modonty.com/_next/static/chunks/1-_jqvq0s0jal.js?dpl=dpl_4ikGzFXXnzdqWuyWtwJEXzgRA67B,2026-06-10
https://www.modonty.com/_next/static/chunks/1qwfl81ca7v0c.js?dpl=dpl_4ikGzFXXnzdqWuyWtwJEXzgRA67B,2026-06-10
https://www.modonty.com/_next/static/chunks/23bivxyn1l-9s.js?dpl=dpl_4ikGzFXXnzdqWuyWtwJEXzgRA67B,2026-06-10
https://www.modonty.com/_next/static/chunks/2pa8eihsiw3-9.js?dpl=dpl_4ikGzFXXnzdqWuyWtwJEXzgRA67B,2026-06-10
https://www.modonty.com/_next/static/chunks/33aq5zk33_q9w.js?dpl=dpl_4ikGzFXXnzdqWuyWtwJEXzgRA67B,2026-06-10
https://www.modonty.com/_next/static/chunks/365wyaemqgkhm.css?dpl=dpl_4ikGzFXXnzdqWuyWtwJEXzgRA67B,2026-06-10
https://www.modonty.com/_next/static/media/1d2cc0c079997359-s.p.44lktk7jzy0s-.woff2?dpl=dpl_4ikGzFXXnzdqWuyWtwJEXzgRA67B,2026-06-10
https://www.modonty.com/_next/static/media/48e6fa8a5baca31f-s.p.14yttwb5hb7vt.woff2?dpl=dpl_4ikGzFXXnzdqWuyWtwJEXzgRA67B,2026-06-10
https://www.modonty.com/_next/static/media/4b676bcffc00356a-s.p.24y4-vc3jpn8m.woff2?dpl=dpl_4ikGzFXXnzdqWuyWtwJEXzgRA67B,2026-06-10
https://www.modonty.com/_next/static/media/d54db18e8cd5f74f-s.p.0ji0xjltb6ro5.woff2?dpl=dpl_4ikGzFXXnzdqWuyWtwJEXzgRA67B,2026-06-10
https://www.modonty.com/_next/static/media/e7b64a7fde1a3d32-s.p.2g2pkky1i4_-n.woff2?dpl=dpl_4ikGzFXXnzdqWuyWtwJEXzgRA67B,2026-06-10
https://www.modonty.com/_next/static/media/f0e0669539caf32a-s.p.2cslzs_83-cos.woff2?dpl=dpl_4ikGzFXXnzdqWuyWtwJEXzgRA67B,2026-06-10
https://www.modonty.com/_next/static/chunks/02a3bwi6a5fx5.js?dpl=dpl_Dc7CgXJWTGB6WrvjQZYH5PbQNSv3,2026-06-09
https://www.modonty.com/_next/static/chunks/1-_jqvq0s0jal.js?dpl=dpl_Dc7CgXJWTGB6WrvjQZYH5PbQNSv3,2026-06-09
https://www.modonty.com/_next/static/chunks/2nog6qa835j2h.css?dpl=dpl_Dc7CgXJWTGB6WrvjQZYH5PbQNSv3,2026-06-09
https://www.modonty.com/_next/static/chunks/33aq5zk33_q9w.js?dpl=dpl_Dc7CgXJWTGB6WrvjQZYH5PbQNSv3,2026-06-09
https://www.modonty.com/_next/static/media/1d2cc0c079997359-s.p.44lktk7jzy0s-.woff2?dpl=dpl_Dc7CgXJWTGB6WrvjQZYH5PbQNSv3,2026-06-09
https://www.modonty.com/_next/static/media/e7b64a7fde1a3d32-s.p.2g2pkky1i4_-n.woff2?dpl=dpl_Dc7CgXJWTGB6WrvjQZYH5PbQNSv3,2026-06-09
https://www.modonty.com/_next/static/chunks/1qwfl81ca7v0c.js?dpl=dpl_Dc7CgXJWTGB6WrvjQZYH5PbQNSv3,2026-06-09
https://www.modonty.com/_next/static/media/f0e0669539caf32a-s.p.2cslzs_83-cos.woff2?dpl=dpl_Dc7CgXJWTGB6WrvjQZYH5PbQNSv3,2026-06-09
https://www.modonty.com/_next/static/chunks/0gmyiv837a2x0.js?dpl=dpl_Dc7CgXJWTGB6WrvjQZYH5PbQNSv3,2026-06-09
https://www.modonty.com/_next/static/chunks/0o7vjrk9iujg2.js?dpl=dpl_Dc7CgXJWTGB6WrvjQZYH5PbQNSv3,2026-06-09
https://www.modonty.com/_next/static/chunks/2pa8eihsiw3-9.js?dpl=dpl_Dc7CgXJWTGB6WrvjQZYH5PbQNSv3,2026-06-09
https://www.modonty.com/_next/static/chunks/332s54cklp1gn.css?dpl=dpl_Dc7CgXJWTGB6WrvjQZYH5PbQNSv3,2026-06-09
https://www.modonty.com/_next/static/media/d54db18e8cd5f74f-s.p.0ji0xjltb6ro5.woff2?dpl=dpl_Dc7CgXJWTGB6WrvjQZYH5PbQNSv3,2026-06-09
https://www.modonty.com/_next/static/chunks/23bivxyn1l-9s.js?dpl=dpl_Dc7CgXJWTGB6WrvjQZYH5PbQNSv3,2026-06-09
https://www.modonty.com/_next/static/media/48e6fa8a5baca31f-s.p.14yttwb5hb7vt.woff2?dpl=dpl_Dc7CgXJWTGB6WrvjQZYH5PbQNSv3,2026-06-09
https://www.modonty.com/_next/static/media/4b676bcffc00356a-s.p.24y4-vc3jpn8m.woff2?dpl=dpl_Dc7CgXJWTGB6WrvjQZYH5PbQNSv3,2026-06-09
https://www.modonty.com/_next/static/chunks/33aq5zk33_q9w.js?dpl=dpl_EPhBmRvnL7JsM8sqF74WHmUFnE6D,2026-06-08
https://www.modonty.com/_next/static/chunks/02a3bwi6a5fx5.js?dpl=dpl_EPhBmRvnL7JsM8sqF74WHmUFnE6D,2026-06-08
https://www.modonty.com/_next/static/chunks/0o7vjrk9iujg2.js?dpl=dpl_EPhBmRvnL7JsM8sqF74WHmUFnE6D,2026-06-08
https://www.modonty.com/_next/static/chunks/1qwfl81ca7v0c.js?dpl=dpl_EPhBmRvnL7JsM8sqF74WHmUFnE6D,2026-06-08
https://www.modonty.com/_next/static/chunks/26dh9dsgt-2r1.js?dpl=dpl_EPhBmRvnL7JsM8sqF74WHmUFnE6D,2026-06-08
https://www.modonty.com/_next/static/chunks/2basp0isi56oc.css?dpl=dpl_EPhBmRvnL7JsM8sqF74WHmUFnE6D,2026-06-08
https://www.modonty.com/_next/static/chunks/2fffptepmtv4e.css?dpl=dpl_EPhBmRvnL7JsM8sqF74WHmUFnE6D,2026-06-08
https://www.modonty.com/_next/static/chunks/2l16ow6dtl8lr.js?dpl=dpl_EPhBmRvnL7JsM8sqF74WHmUFnE6D,2026-06-08
https://www.modonty.com/_next/static/chunks/2pa8eihsiw3-9.js?dpl=dpl_EPhBmRvnL7JsM8sqF74WHmUFnE6D,2026-06-08
https://www.modonty.com/_next/static/chunks/2tm9etiefa1xk.js?dpl=dpl_EPhBmRvnL7JsM8sqF74WHmUFnE6D,2026-06-08
https://www.modonty.com/_next/static/media/1d2cc0c079997359-s.p.44lktk7jzy0s-.woff2?dpl=dpl_EPhBmRvnL7JsM8sqF74WHmUFnE6D,2026-06-08
https://www.modonty.com/_next/static/media/48e6fa8a5baca31f-s.p.14yttwb5hb7vt.woff2?dpl=dpl_EPhBmRvnL7JsM8sqF74WHmUFnE6D,2026-06-08
https://www.modonty.com/_next/static/media/4b676bcffc00356a-s.p.24y4-vc3jpn8m.woff2?dpl=dpl_EPhBmRvnL7JsM8sqF74WHmUFnE6D,2026-06-08
https://www.modonty.com/_next/static/media/d54db18e8cd5f74f-s.p.0ji0xjltb6ro5.woff2?dpl=dpl_EPhBmRvnL7JsM8sqF74WHmUFnE6D,2026-06-08
https://www.modonty.com/_next/static/media/e7b64a7fde1a3d32-s.p.2g2pkky1i4_-n.woff2?dpl=dpl_EPhBmRvnL7JsM8sqF74WHmUFnE6D,2026-06-08
https://www.modonty.com/_next/static/media/f0e0669539caf32a-s.p.2cslzs_83-cos.woff2?dpl=dpl_EPhBmRvnL7JsM8sqF74WHmUFnE6D,2026-06-08
https://www.modonty.com/_next/static/chunks/2uphyuqtenw_m.js?dpl=dpl_Bb4smJejFLFXYZfG7yezzAmxghjc,2026-06-08
https://www.modonty.com/news,2026-06-08
https://www.modonty.com/_next/static/chunks/02a3bwi6a5fx5.js?dpl=dpl_2cBEjsLnGqZSVaLAgHW26bfvCH1k,2026-06-08
https://www.modonty.com/_next/static/chunks/1odf6vh7eao7b.js?dpl=dpl_2cBEjsLnGqZSVaLAgHW26bfvCH1k,2026-06-08
https://www.modonty.com/_next/static/chunks/1qwfl81ca7v0c.js?dpl=dpl_2cBEjsLnGqZSVaLAgHW26bfvCH1k,2026-06-08
https://www.modonty.com/_next/static/chunks/2xnpjwowppdkx.js?dpl=dpl_2cBEjsLnGqZSVaLAgHW26bfvCH1k,2026-06-08
https://www.modonty.com/_next/static/media/1d2cc0c079997359-s.p.44lktk7jzy0s-.woff2?dpl=dpl_2cBEjsLnGqZSVaLAgHW26bfvCH1k,2026-06-08
https://www.modonty.com/_next/static/media/4b676bcffc00356a-s.p.24y4-vc3jpn8m.woff2?dpl=dpl_2cBEjsLnGqZSVaLAgHW26bfvCH1k,2026-06-08
https://www.modonty.com/_next/static/media/e7b64a7fde1a3d32-s.p.2g2pkky1i4_-n.woff2?dpl=dpl_2cBEjsLnGqZSVaLAgHW26bfvCH1k,2026-06-08
https://www.modonty.com/_next/static/chunks/0o7vjrk9iujg2.js?dpl=dpl_2cBEjsLnGqZSVaLAgHW26bfvCH1k,2026-06-08
https://www.modonty.com/_next/static/chunks/1m7phpz8kg-m_.css?dpl=dpl_2cBEjsLnGqZSVaLAgHW26bfvCH1k,2026-06-08
https://www.modonty.com/_next/static/chunks/2pa8eihsiw3-9.js?dpl=dpl_2cBEjsLnGqZSVaLAgHW26bfvCH1k,2026-06-08
https://www.modonty.com/_next/static/chunks/33aq5zk33_q9w.js?dpl=dpl_2cBEjsLnGqZSVaLAgHW26bfvCH1k,2026-06-08
https://www.modonty.com/_next/static/chunks/38is1kh83ak0j.js?dpl=dpl_2cBEjsLnGqZSVaLAgHW26bfvCH1k,2026-06-08
https://www.modonty.com/_next/static/chunks/3a0xi25ldguwe.css?dpl=dpl_2cBEjsLnGqZSVaLAgHW26bfvCH1k,2026-06-08
https://www.modonty.com/_next/static/media/48e6fa8a5baca31f-s.p.14yttwb5hb7vt.woff2?dpl=dpl_2cBEjsLnGqZSVaLAgHW26bfvCH1k,2026-06-08
https://www.modonty.com/_next/static/media/d54db18e8cd5f74f-s.p.0ji0xjltb6ro5.woff2?dpl=dpl_2cBEjsLnGqZSVaLAgHW26bfvCH1k,2026-06-08
https://www.modonty.com/_next/static/media/f0e0669539caf32a-s.p.2cslzs_83-cos.woff2?dpl=dpl_2cBEjsLnGqZSVaLAgHW26bfvCH1k,2026-06-08
https://www.modonty.com/_next/static/chunks/02a3bwi6a5fx5.js?dpl=dpl_Bb4smJejFLFXYZfG7yezzAmxghjc,2026-06-07
https://www.modonty.com/_next/static/chunks/0j3l6_8xkto7x.css?dpl=dpl_Bb4smJejFLFXYZfG7yezzAmxghjc,2026-06-07
https://www.modonty.com/_next/static/chunks/0o7vjrk9iujg2.js?dpl=dpl_Bb4smJejFLFXYZfG7yezzAmxghjc,2026-06-07
https://www.modonty.com/_next/static/chunks/13r0ju-i7nnsj.css?dpl=dpl_Bb4smJejFLFXYZfG7yezzAmxghjc,2026-06-07
https://www.modonty.com/_next/static/chunks/1qwfl81ca7v0c.js?dpl=dpl_Bb4smJejFLFXYZfG7yezzAmxghjc,2026-06-07
https://www.modonty.com/_next/static/chunks/2ddsnut8zkhu3.js?dpl=dpl_Bb4smJejFLFXYZfG7yezzAmxghjc,2026-06-07
https://www.modonty.com/_next/static/chunks/2pa8eihsiw3-9.js?dpl=dpl_Bb4smJejFLFXYZfG7yezzAmxghjc,2026-06-07
https://www.modonty.com/_next/static/chunks/33aq5zk33_q9w.js?dpl=dpl_Bb4smJejFLFXYZfG7yezzAmxghjc,2026-06-07
https://www.modonty.com/_next/static/chunks/3fj9fqyz23zyr.js?dpl=dpl_Bb4smJejFLFXYZfG7yezzAmxghjc,2026-06-07
https://www.modonty.com/_next/static/chunks/3lio1_c2-8s2w.js?dpl=dpl_Bb4smJejFLFXYZfG7yezzAmxghjc,2026-06-07
https://www.modonty.com/_next/static/media/48e6fa8a5baca31f-s.p.14yttwb5hb7vt.woff2?dpl=dpl_Bb4smJejFLFXYZfG7yezzAmxghjc,2026-06-07
https://www.modonty.com/_next/static/media/4b676bcffc00356a-s.p.24y4-vc3jpn8m.woff2?dpl=dpl_Bb4smJejFLFXYZfG7yezzAmxghjc,2026-06-07
https://www.modonty.com/_next/static/media/d54db18e8cd5f74f-s.p.0ji0xjltb6ro5.woff2?dpl=dpl_Bb4smJejFLFXYZfG7yezzAmxghjc,2026-06-07
https://www.modonty.com/_next/static/media/e7b64a7fde1a3d32-s.p.2g2pkky1i4_-n.woff2?dpl=dpl_Bb4smJejFLFXYZfG7yezzAmxghjc,2026-06-07
https://www.modonty.com/_next/static/media/e8f2fbee2754df70-s.p.1dqa_6e_ad4sj.woff2?dpl=dpl_Bb4smJejFLFXYZfG7yezzAmxghjc,2026-06-07
https://www.modonty.com/_next/static/media/f0e0669539caf32a-s.p.2cslzs_83-cos.woff2?dpl=dpl_Bb4smJejFLFXYZfG7yezzAmxghjc,2026-06-07
https://www.modonty.com/_next/static/chunks/02a3bwi6a5fx5.js?dpl=dpl_53gRvTE17RYj4Godb7XokEYrvtTS,2026-06-05
https://www.modonty.com/_next/static/chunks/0o7vjrk9iujg2.js?dpl=dpl_53gRvTE17RYj4Godb7XokEYrvtTS,2026-06-05
https://www.modonty.com/_next/static/chunks/1qwfl81ca7v0c.js?dpl=dpl_53gRvTE17RYj4Godb7XokEYrvtTS,2026-06-05
https://www.modonty.com/_next/static/chunks/1rcnktmqoj0ov.js?dpl=dpl_53gRvTE17RYj4Godb7XokEYrvtTS,2026-06-05
https://www.modonty.com/_next/static/chunks/2ddsnut8zkhu3.js?dpl=dpl_53gRvTE17RYj4Godb7XokEYrvtTS,2026-06-05
https://www.modonty.com/_next/static/media/f0e0669539caf32a-s.p.2cslzs_83-cos.woff2?dpl=dpl_53gRvTE17RYj4Godb7XokEYrvtTS,2026-06-05
https://www.modonty.com/_next/static/chunks/00yq42arl_atv.js?dpl=dpl_53gRvTE17RYj4Godb7XokEYrvtTS,2026-06-05
https://www.modonty.com/_next/static/chunks/2l9tdmh9w8p6f.css?dpl=dpl_53gRvTE17RYj4Godb7XokEYrvtTS,2026-06-05
https://www.modonty.com/_next/static/chunks/2lzaa-c8fqzos.css?dpl=dpl_53gRvTE17RYj4Godb7XokEYrvtTS,2026-06-05
https://www.modonty.com/_next/static/chunks/33aq5zk33_q9w.js?dpl=dpl_53gRvTE17RYj4Godb7XokEYrvtTS,2026-06-05
https://www.modonty.com/_next/static/media/48e6fa8a5baca31f-s.p.14yttwb5hb7vt.woff2?dpl=dpl_53gRvTE17RYj4Godb7XokEYrvtTS,2026-06-05
https://www.modonty.com/_next/static/media/4b676bcffc00356a-s.p.24y4-vc3jpn8m.woff2?dpl=dpl_53gRvTE17RYj4Godb7XokEYrvtTS,2026-06-05
https://www.modonty.com/_next/static/media/d54db18e8cd5f74f-s.p.0ji0xjltb6ro5.woff2?dpl=dpl_53gRvTE17RYj4Godb7XokEYrvtTS,2026-06-05
https://www.modonty.com/_next/static/media/e7b64a7fde1a3d32-s.p.2g2pkky1i4_-n.woff2?dpl=dpl_53gRvTE17RYj4Godb7XokEYrvtTS,2026-06-05
https://www.modonty.com/_next/static/media/e8f2fbee2754df70-s.p.1dqa_6e_ad4sj.woff2?dpl=dpl_53gRvTE17RYj4Godb7XokEYrvtTS,2026-06-05
https://www.modonty.com/_next/static/chunks/1wzpy_9p6suyy.js?dpl=dpl_CnVa1Gqyy9cH29yLnzVoRUEP36Lq,2026-06-05
https://www.modonty.com/_next/static/chunks/2ddsnut8zkhu3.js?dpl=dpl_CnVa1Gqyy9cH29yLnzVoRUEP36Lq,2026-06-05
https://www.modonty.com/_next/static/chunks/02a3bwi6a5fx5.js?dpl=dpl_CnVa1Gqyy9cH29yLnzVoRUEP36Lq,2026-06-03
https://www.modonty.com/_next/static/chunks/0o7vjrk9iujg2.js?dpl=dpl_CnVa1Gqyy9cH29yLnzVoRUEP36Lq,2026-06-03
https://www.modonty.com/_next/static/chunks/1k0iped2t91ps.js?dpl=dpl_CnVa1Gqyy9cH29yLnzVoRUEP36Lq,2026-06-03
https://www.modonty.com/_next/static/chunks/1qwfl81ca7v0c.js?dpl=dpl_CnVa1Gqyy9cH29yLnzVoRUEP36Lq,2026-06-03
https://www.modonty.com/_next/static/chunks/24pzjkyqt_ej_.css?dpl=dpl_CnVa1Gqyy9cH29yLnzVoRUEP36Lq,2026-06-03
https://www.modonty.com/_next/static/chunks/2pa8eihsiw3-9.js?dpl=dpl_CnVa1Gqyy9cH29yLnzVoRUEP36Lq,2026-06-03
https://www.modonty.com/_next/static/chunks/2xdh_8nnxz54r.css?dpl=dpl_CnVa1Gqyy9cH29yLnzVoRUEP36Lq,2026-06-03
https://www.modonty.com/_next/static/chunks/33aq5zk33_q9w.js?dpl=dpl_CnVa1Gqyy9cH29yLnzVoRUEP36Lq,2026-06-03
https://www.modonty.com/_next/static/media/48e6fa8a5baca31f-s.p.14yttwb5hb7vt.woff2?dpl=dpl_CnVa1Gqyy9cH29yLnzVoRUEP36Lq,2026-06-03
https://www.modonty.com/_next/static/media/4b676bcffc00356a-s.p.24y4-vc3jpn8m.woff2?dpl=dpl_CnVa1Gqyy9cH29yLnzVoRUEP36Lq,2026-06-03
https://www.modonty.com/_next/static/media/d54db18e8cd5f74f-s.p.0ji0xjltb6ro5.woff2?dpl=dpl_CnVa1Gqyy9cH29yLnzVoRUEP36Lq,2026-06-03
https://www.modonty.com/_next/static/media/e7b64a7fde1a3d32-s.p.2g2pkky1i4_-n.woff2?dpl=dpl_CnVa1Gqyy9cH29yLnzVoRUEP36Lq,2026-06-03
https://www.modonty.com/_next/static/media/e8f2fbee2754df70-s.p.1dqa_6e_ad4sj.woff2?dpl=dpl_CnVa1Gqyy9cH29yLnzVoRUEP36Lq,2026-06-03
https://www.modonty.com/_next/static/media/f0e0669539caf32a-s.p.2cslzs_83-cos.woff2?dpl=dpl_CnVa1Gqyy9cH29yLnzVoRUEP36Lq,2026-06-03
https://www.modonty.com/_next/static/chunks/02a3bwi6a5fx5.js?dpl=dpl_CDA9mPGjtGdzqexr9mBd5cAJ4J6Z,2026-06-03
https://www.modonty.com/_next/static/chunks/0o7vjrk9iujg2.js?dpl=dpl_CDA9mPGjtGdzqexr9mBd5cAJ4J6Z,2026-06-03
https://www.modonty.com/_next/static/chunks/1qwfl81ca7v0c.js?dpl=dpl_CDA9mPGjtGdzqexr9mBd5cAJ4J6Z,2026-06-03
https://www.modonty.com/_next/static/chunks/1wzpy_9p6suyy.js?dpl=dpl_CDA9mPGjtGdzqexr9mBd5cAJ4J6Z,2026-06-03
https://www.modonty.com/_next/static/chunks/21fsupfl5uonn.js?dpl=dpl_CDA9mPGjtGdzqexr9mBd5cAJ4J6Z,2026-06-03
https://www.modonty.com/_next/static/chunks/2ddsnut8zkhu3.js?dpl=dpl_CDA9mPGjtGdzqexr9mBd5cAJ4J6Z,2026-06-03
https://www.modonty.com/_next/static/chunks/2pa8eihsiw3-9.js?dpl=dpl_CDA9mPGjtGdzqexr9mBd5cAJ4J6Z,2026-06-03
https://www.modonty.com/_next/static/chunks/33aq5zk33_q9w.js?dpl=dpl_CDA9mPGjtGdzqexr9mBd5cAJ4J6Z,2026-06-03
https://www.modonty.com/_next/static/chunks/3rsmnocrlb3tz.css?dpl=dpl_CDA9mPGjtGdzqexr9mBd5cAJ4J6Z,2026-06-03
https://www.modonty.com/_next/static/chunks/3w4557__b_gmx.css?dpl=dpl_CDA9mPGjtGdzqexr9mBd5cAJ4J6Z,2026-06-03
https://www.modonty.com/_next/static/media/48e6fa8a5baca31f-s.p.14yttwb5hb7vt.woff2?dpl=dpl_CDA9mPGjtGdzqexr9mBd5cAJ4J6Z,2026-06-03
https://www.modonty.com/_next/static/media/4b676bcffc00356a-s.p.24y4-vc3jpn8m.woff2?dpl=dpl_CDA9mPGjtGdzqexr9mBd5cAJ4J6Z,2026-06-03
https://www.modonty.com/_next/static/media/d54db18e8cd5f74f-s.p.0ji0xjltb6ro5.woff2?dpl=dpl_CDA9mPGjtGdzqexr9mBd5cAJ4J6Z,2026-06-03
https://www.modonty.com/_next/static/media/e7b64a7fde1a3d32-s.p.2g2pkky1i4_-n.woff2?dpl=dpl_CDA9mPGjtGdzqexr9mBd5cAJ4J6Z,2026-06-03
https://www.modonty.com/_next/static/media/e8f2fbee2754df70-s.p.1dqa_6e_ad4sj.woff2?dpl=dpl_CDA9mPGjtGdzqexr9mBd5cAJ4J6Z,2026-06-03
https://www.modonty.com/_next/static/media/f0e0669539caf32a-s.p.2cslzs_83-cos.woff2?dpl=dpl_CDA9mPGjtGdzqexr9mBd5cAJ4J6Z,2026-06-03
https://www.modonty.com/favicon.ico?favicon.044lit7sroups.ico,2026-06-03
https://www.modonty.com/_next/static/chunks/02a3bwi6a5fx5.js?dpl=dpl_6Ne9xjjVfjFMUWbfXeQYMA3dVydf,2026-06-02
https://www.modonty.com/_next/static/chunks/0o7vjrk9iujg2.js?dpl=dpl_6Ne9xjjVfjFMUWbfXeQYMA3dVydf,2026-06-02
https://www.modonty.com/_next/static/chunks/1wzpy_9p6suyy.js?dpl=dpl_6Ne9xjjVfjFMUWbfXeQYMA3dVydf,2026-06-02
https://www.modonty.com/_next/static/chunks/21fsupfl5uonn.js?dpl=dpl_6Ne9xjjVfjFMUWbfXeQYMA3dVydf,2026-06-02
https://www.modonty.com/_next/static/chunks/25ou_ltxyfzxu.css?dpl=dpl_6Ne9xjjVfjFMUWbfXeQYMA3dVydf,2026-06-02
https://www.modonty.com/_next/static/chunks/2pa8eihsiw3-9.js?dpl=dpl_6Ne9xjjVfjFMUWbfXeQYMA3dVydf,2026-06-02
https://www.modonty.com/_next/static/chunks/42bmga1kuzctb.css?dpl=dpl_6Ne9xjjVfjFMUWbfXeQYMA3dVydf,2026-06-02
https://www.modonty.com/_next/static/media/48e6fa8a5baca31f-s.p.14yttwb5hb7vt.woff2?dpl=dpl_6Ne9xjjVfjFMUWbfXeQYMA3dVydf,2026-06-02
https://www.modonty.com/_next/static/media/d54db18e8cd5f74f-s.p.0ji0xjltb6ro5.woff2?dpl=dpl_6Ne9xjjVfjFMUWbfXeQYMA3dVydf,2026-06-02
https://www.modonty.com/_next/static/media/e8f2fbee2754df70-s.p.1dqa_6e_ad4sj.woff2?dpl=dpl_6Ne9xjjVfjFMUWbfXeQYMA3dVydf,2026-06-02
https://www.modonty.com/_next/static/media/f0e0669539caf32a-s.p.2cslzs_83-cos.woff2?dpl=dpl_6Ne9xjjVfjFMUWbfXeQYMA3dVydf,2026-06-02
https://www.modonty.com/_next/static/chunks/1qwfl81ca7v0c.js?dpl=dpl_6Ne9xjjVfjFMUWbfXeQYMA3dVydf,2026-06-02
https://www.modonty.com/_next/static/chunks/2ddsnut8zkhu3.js?dpl=dpl_6Ne9xjjVfjFMUWbfXeQYMA3dVydf,2026-06-02
https://www.modonty.com/_next/static/chunks/33aq5zk33_q9w.js?dpl=dpl_6Ne9xjjVfjFMUWbfXeQYMA3dVydf,2026-06-02
https://www.modonty.com/_next/static/media/4b676bcffc00356a-s.p.24y4-vc3jpn8m.woff2?dpl=dpl_6Ne9xjjVfjFMUWbfXeQYMA3dVydf,2026-06-02
https://www.modonty.com/_next/static/media/e7b64a7fde1a3d32-s.p.2g2pkky1i4_-n.woff2?dpl=dpl_6Ne9xjjVfjFMUWbfXeQYMA3dVydf,2026-06-02
https://www.modonty.com/_next/static/chunks/02a3bwi6a5fx5.js?dpl=dpl_26yhoaLAHtiFBywj7HyAiwqGMDEs,2026-06-02
https://www.modonty.com/_next/static/chunks/0o7vjrk9iujg2.js?dpl=dpl_26yhoaLAHtiFBywj7HyAiwqGMDEs,2026-06-02
https://www.modonty.com/_next/static/chunks/18pjdi7r_e2ne.css?dpl=dpl_26yhoaLAHtiFBywj7HyAiwqGMDEs,2026-06-02
https://www.modonty.com/_next/static/chunks/1adv8f2s-kx7o.js?dpl=dpl_26yhoaLAHtiFBywj7HyAiwqGMDEs,2026-06-02
https://www.modonty.com/_next/static/chunks/1qwfl81ca7v0c.js?dpl=dpl_26yhoaLAHtiFBywj7HyAiwqGMDEs,2026-06-02
https://www.modonty.com/_next/static/chunks/1wzpy_9p6suyy.js?dpl=dpl_26yhoaLAHtiFBywj7HyAiwqGMDEs,2026-06-02
https://www.modonty.com/_next/static/chunks/2pa8eihsiw3-9.js?dpl=dpl_26yhoaLAHtiFBywj7HyAiwqGMDEs,2026-06-02
https://www.modonty.com/_next/static/chunks/33aq5zk33_q9w.js?dpl=dpl_26yhoaLAHtiFBywj7HyAiwqGMDEs,2026-06-02
https://www.modonty.com/_next/static/chunks/34ysqin1fc5bo.js?dpl=dpl_26yhoaLAHtiFBywj7HyAiwqGMDEs,2026-06-02
https://www.modonty.com/_next/static/chunks/42bmga1kuzctb.css?dpl=dpl_26yhoaLAHtiFBywj7HyAiwqGMDEs,2026-06-02
https://www.modonty.com/_next/static/media/48e6fa8a5baca31f-s.p.14yttwb5hb7vt.woff2?dpl=dpl_26yhoaLAHtiFBywj7HyAiwqGMDEs,2026-06-02
https://www.modonty.com/_next/static/media/4b676bcffc00356a-s.p.24y4-vc3jpn8m.woff2?dpl=dpl_26yhoaLAHtiFBywj7HyAiwqGMDEs,2026-06-02
https://www.modonty.com/_next/static/media/d54db18e8cd5f74f-s.p.0ji0xjltb6ro5.woff2?dpl=dpl_26yhoaLAHtiFBywj7HyAiwqGMDEs,2026-06-02
https://www.modonty.com/_next/static/media/e7b64a7fde1a3d32-s.p.2g2pkky1i4_-n.woff2?dpl=dpl_26yhoaLAHtiFBywj7HyAiwqGMDEs,2026-06-02
https://www.modonty.com/_next/static/media/e8f2fbee2754df70-s.p.1dqa_6e_ad4sj.woff2?dpl=dpl_26yhoaLAHtiFBywj7HyAiwqGMDEs,2026-06-02
https://www.modonty.com/_next/static/media/f0e0669539caf32a-s.p.2cslzs_83-cos.woff2?dpl=dpl_26yhoaLAHtiFBywj7HyAiwqGMDEs,2026-06-02
https://www.modonty.com/_next/static/chunks/02a3bwi6a5fx5.js?dpl=dpl_WCJyPmw4cUZ66hUGpBDYVpDki9bo,2026-06-01
https://www.modonty.com/_next/static/chunks/0o7vjrk9iujg2.js?dpl=dpl_WCJyPmw4cUZ66hUGpBDYVpDki9bo,2026-06-01
https://www.modonty.com/_next/static/chunks/1adv8f2s-kx7o.js?dpl=dpl_WCJyPmw4cUZ66hUGpBDYVpDki9bo,2026-06-01
https://www.modonty.com/_next/static/chunks/1j1_kil90mg2-.css?dpl=dpl_WCJyPmw4cUZ66hUGpBDYVpDki9bo,2026-06-01
https://www.modonty.com/_next/static/chunks/1qwfl81ca7v0c.js?dpl=dpl_WCJyPmw4cUZ66hUGpBDYVpDki9bo,2026-06-01
https://www.modonty.com/_next/static/chunks/1wzpy_9p6suyy.js?dpl=dpl_WCJyPmw4cUZ66hUGpBDYVpDki9bo,2026-06-01
https://www.modonty.com/_next/static/chunks/2pa8eihsiw3-9.js?dpl=dpl_WCJyPmw4cUZ66hUGpBDYVpDki9bo,2026-06-01
https://www.modonty.com/_next/static/chunks/33aq5zk33_q9w.js?dpl=dpl_WCJyPmw4cUZ66hUGpBDYVpDki9bo,2026-06-01
https://www.modonty.com/_next/static/chunks/34ysqin1fc5bo.js?dpl=dpl_WCJyPmw4cUZ66hUGpBDYVpDki9bo,2026-06-01
https://www.modonty.com/_next/static/chunks/42bmga1kuzctb.css?dpl=dpl_WCJyPmw4cUZ66hUGpBDYVpDki9bo,2026-06-01
https://www.modonty.com/_next/static/media/48e6fa8a5baca31f-s.p.14yttwb5hb7vt.woff2?dpl=dpl_WCJyPmw4cUZ66hUGpBDYVpDki9bo,2026-06-01
https://www.modonty.com/_next/static/media/4b676bcffc00356a-s.p.24y4-vc3jpn8m.woff2?dpl=dpl_WCJyPmw4cUZ66hUGpBDYVpDki9bo,2026-06-01
https://www.modonty.com/_next/static/media/d54db18e8cd5f74f-s.p.0ji0xjltb6ro5.woff2?dpl=dpl_WCJyPmw4cUZ66hUGpBDYVpDki9bo,2026-06-01
https://www.modonty.com/_next/static/media/e7b64a7fde1a3d32-s.p.2g2pkky1i4_-n.woff2?dpl=dpl_WCJyPmw4cUZ66hUGpBDYVpDki9bo,2026-06-01
https://www.modonty.com/_next/static/media/e8f2fbee2754df70-s.p.1dqa_6e_ad4sj.woff2?dpl=dpl_WCJyPmw4cUZ66hUGpBDYVpDki9bo,2026-06-01
https://www.modonty.com/_next/static/media/f0e0669539caf32a-s.p.2cslzs_83-cos.woff2?dpl=dpl_WCJyPmw4cUZ66hUGpBDYVpDki9bo,2026-06-01
https://www.modonty.com/_next/static/chunks/02a3bwi6a5fx5.js?dpl=dpl_CNXcZpTw1cDEYZ4cBawKchGy4whh,2026-05-30
https://www.modonty.com/_next/static/chunks/0o7vjrk9iujg2.js?dpl=dpl_CNXcZpTw1cDEYZ4cBawKchGy4whh,2026-05-30
https://www.modonty.com/_next/static/chunks/1adv8f2s-kx7o.js?dpl=dpl_CNXcZpTw1cDEYZ4cBawKchGy4whh,2026-05-30
https://www.modonty.com/_next/static/chunks/1qwfl81ca7v0c.js?dpl=dpl_CNXcZpTw1cDEYZ4cBawKchGy4whh,2026-05-30
https://www.modonty.com/_next/static/chunks/2b1fkqe6sb0ge.css?dpl=dpl_CNXcZpTw1cDEYZ4cBawKchGy4whh,2026-05-30
https://www.modonty.com/_next/static/chunks/2pa8eihsiw3-9.js?dpl=dpl_CNXcZpTw1cDEYZ4cBawKchGy4whh,2026-05-30
https://www.modonty.com/_next/static/chunks/33aq5zk33_q9w.js?dpl=dpl_CNXcZpTw1cDEYZ4cBawKchGy4whh,2026-05-30
https://www.modonty.com/_next/static/chunks/42bmga1kuzctb.css?dpl=dpl_CNXcZpTw1cDEYZ4cBawKchGy4whh,2026-05-30
https://www.modonty.com/_next/static/chunks/44prbu-m81oxk.js?dpl=dpl_CNXcZpTw1cDEYZ4cBawKchGy4whh,2026-05-30
https://www.modonty.com/_next/static/media/48e6fa8a5baca31f-s.p.14yttwb5hb7vt.woff2?dpl=dpl_CNXcZpTw1cDEYZ4cBawKchGy4whh,2026-05-30
https://www.modonty.com/_next/static/media/4b676bcffc00356a-s.p.24y4-vc3jpn8m.woff2?dpl=dpl_CNXcZpTw1cDEYZ4cBawKchGy4whh,2026-05-30
https://www.modonty.com/_next/static/media/d54db18e8cd5f74f-s.p.0ji0xjltb6ro5.woff2?dpl=dpl_CNXcZpTw1cDEYZ4cBawKchGy4whh,2026-05-30
https://www.modonty.com/_next/static/media/e7b64a7fde1a3d32-s.p.2g2pkky1i4_-n.woff2?dpl=dpl_CNXcZpTw1cDEYZ4cBawKchGy4whh,2026-05-30
https://www.modonty.com/_next/static/media/e8f2fbee2754df70-s.p.1dqa_6e_ad4sj.woff2?dpl=dpl_CNXcZpTw1cDEYZ4cBawKchGy4whh,2026-05-30
https://www.modonty.com/_next/static/media/f0e0669539caf32a-s.p.2cslzs_83-cos.woff2?dpl=dpl_CNXcZpTw1cDEYZ4cBawKchGy4whh,2026-05-30
https://www.modonty.com/_next/static/chunks/1qwfl81ca7v0c.js?dpl=dpl_7CKbFdK3CQTG4ShYwSxZoCJjPqzp,2026-05-29
https://www.modonty.com/_next/static/chunks/1wzpy_9p6suyy.js?dpl=dpl_7CKbFdK3CQTG4ShYwSxZoCJjPqzp,2026-05-29
https://www.modonty.com/_next/static/chunks/2pa8eihsiw3-9.js?dpl=dpl_7CKbFdK3CQTG4ShYwSxZoCJjPqzp,2026-05-29
https://www.modonty.com/_next/static/chunks/33aq5zk33_q9w.js?dpl=dpl_7CKbFdK3CQTG4ShYwSxZoCJjPqzp,2026-05-29
https://www.modonty.com/_next/static/chunks/44prbu-m81oxk.js?dpl=dpl_7CKbFdK3CQTG4ShYwSxZoCJjPqzp,2026-05-29
https://www.modonty.com/_next/static/media/4b676bcffc00356a-s.p.24y4-vc3jpn8m.woff2?dpl=dpl_7CKbFdK3CQTG4ShYwSxZoCJjPqzp,2026-05-29
https://www.modonty.com/_next/static/media/f0e0669539caf32a-s.p.2cslzs_83-cos.woff2?dpl=dpl_7CKbFdK3CQTG4ShYwSxZoCJjPqzp,2026-05-29
https://www.modonty.com/_next/static/chunks/02a3bwi6a5fx5.js?dpl=dpl_7CKbFdK3CQTG4ShYwSxZoCJjPqzp,2026-05-29
https://www.modonty.com/_next/static/chunks/0o7vjrk9iujg2.js?dpl=dpl_7CKbFdK3CQTG4ShYwSxZoCJjPqzp,2026-05-29
https://www.modonty.com/_next/static/chunks/1adv8f2s-kx7o.js?dpl=dpl_7CKbFdK3CQTG4ShYwSxZoCJjPqzp,2026-05-29
https://www.modonty.com/_next/static/chunks/1eetl5_2f274-.css?dpl=dpl_7CKbFdK3CQTG4ShYwSxZoCJjPqzp,2026-05-29
https://www.modonty.com/_next/static/chunks/42bmga1kuzctb.css?dpl=dpl_7CKbFdK3CQTG4ShYwSxZoCJjPqzp,2026-05-29
https://www.modonty.com/_next/static/media/48e6fa8a5baca31f-s.p.14yttwb5hb7vt.woff2?dpl=dpl_7CKbFdK3CQTG4ShYwSxZoCJjPqzp,2026-05-29
https://www.modonty.com/_next/static/media/d54db18e8cd5f74f-s.p.0ji0xjltb6ro5.woff2?dpl=dpl_7CKbFdK3CQTG4ShYwSxZoCJjPqzp,2026-05-29
https://www.modonty.com/_next/static/media/e7b64a7fde1a3d32-s.p.2g2pkky1i4_-n.woff2?dpl=dpl_7CKbFdK3CQTG4ShYwSxZoCJjPqzp,2026-05-29
https://www.modonty.com/_next/static/media/e8f2fbee2754df70-s.p.1dqa_6e_ad4sj.woff2?dpl=dpl_7CKbFdK3CQTG4ShYwSxZoCJjPqzp,2026-05-29
https://www.modonty.com/_next/static/chunks/02a3bwi6a5fx5.js?dpl=dpl_A3dXyyz9hw7XAxMFfLCrVkssvXfU,2026-05-28
https://www.modonty.com/_next/static/chunks/0o7vjrk9iujg2.js?dpl=dpl_A3dXyyz9hw7XAxMFfLCrVkssvXfU,2026-05-28
https://www.modonty.com/_next/static/chunks/1adv8f2s-kx7o.js?dpl=dpl_A3dXyyz9hw7XAxMFfLCrVkssvXfU,2026-05-28
https://www.modonty.com/_next/static/chunks/1qwfl81ca7v0c.js?dpl=dpl_A3dXyyz9hw7XAxMFfLCrVkssvXfU,2026-05-28
https://www.modonty.com/_next/static/chunks/1wzpy_9p6suyy.js?dpl=dpl_A3dXyyz9hw7XAxMFfLCrVkssvXfU,2026-05-28
https://www.modonty.com/_next/static/chunks/2pa8eihsiw3-9.js?dpl=dpl_A3dXyyz9hw7XAxMFfLCrVkssvXfU,2026-05-28
https://www.modonty.com/_next/static/chunks/2umbsb1h89lf7.css?dpl=dpl_A3dXyyz9hw7XAxMFfLCrVkssvXfU,2026-05-28
https://www.modonty.com/_next/static/chunks/33aq5zk33_q9w.js?dpl=dpl_A3dXyyz9hw7XAxMFfLCrVkssvXfU,2026-05-28
https://www.modonty.com/_next/static/chunks/42bmga1kuzctb.css?dpl=dpl_A3dXyyz9hw7XAxMFfLCrVkssvXfU,2026-05-28
https://www.modonty.com/_next/static/chunks/44prbu-m81oxk.js?dpl=dpl_A3dXyyz9hw7XAxMFfLCrVkssvXfU,2026-05-28
https://www.modonty.com/_next/static/media/48e6fa8a5baca31f-s.p.14yttwb5hb7vt.woff2?dpl=dpl_A3dXyyz9hw7XAxMFfLCrVkssvXfU,2026-05-28
https://www.modonty.com/_next/static/media/4b676bcffc00356a-s.p.24y4-vc3jpn8m.woff2?dpl=dpl_A3dXyyz9hw7XAxMFfLCrVkssvXfU,2026-05-28
https://www.modonty.com/_next/static/media/d54db18e8cd5f74f-s.p.0ji0xjltb6ro5.woff2?dpl=dpl_A3dXyyz9hw7XAxMFfLCrVkssvXfU,2026-05-28
https://www.modonty.com/_next/static/media/e7b64a7fde1a3d32-s.p.2g2pkky1i4_-n.woff2?dpl=dpl_A3dXyyz9hw7XAxMFfLCrVkssvXfU,2026-05-28
https://www.modonty.com/_next/static/media/e8f2fbee2754df70-s.p.1dqa_6e_ad4sj.woff2?dpl=dpl_A3dXyyz9hw7XAxMFfLCrVkssvXfU,2026-05-28
https://www.modonty.com/_next/static/media/f0e0669539caf32a-s.p.2cslzs_83-cos.woff2?dpl=dpl_A3dXyyz9hw7XAxMFfLCrVkssvXfU,2026-05-28
https://www.modonty.com/_next/static/chunks/02a3bwi6a5fx5.js?dpl=dpl_7so3or46nq5gM61EL8yuBRRCUwAB,2026-05-27
https://www.modonty.com/_next/static/chunks/0o7vjrk9iujg2.js?dpl=dpl_7so3or46nq5gM61EL8yuBRRCUwAB,2026-05-27
https://www.modonty.com/_next/static/chunks/1adv8f2s-kx7o.js?dpl=dpl_7so3or46nq5gM61EL8yuBRRCUwAB,2026-05-27
https://www.modonty.com/_next/static/chunks/1qwfl81ca7v0c.js?dpl=dpl_7so3or46nq5gM61EL8yuBRRCUwAB,2026-05-27
https://www.modonty.com/_next/static/chunks/1wzpy_9p6suyy.js?dpl=dpl_7so3or46nq5gM61EL8yuBRRCUwAB,2026-05-27
https://www.modonty.com/_next/static/chunks/24bg5ct0yvob_.css?dpl=dpl_7so3or46nq5gM61EL8yuBRRCUwAB,2026-05-27
https://www.modonty.com/_next/static/chunks/2pa8eihsiw3-9.js?dpl=dpl_7so3or46nq5gM61EL8yuBRRCUwAB,2026-05-27
https://www.modonty.com/_next/static/chunks/33aq5zk33_q9w.js?dpl=dpl_7so3or46nq5gM61EL8yuBRRCUwAB,2026-05-27
https://www.modonty.com/_next/static/chunks/42bmga1kuzctb.css?dpl=dpl_7so3or46nq5gM61EL8yuBRRCUwAB,2026-05-27
https://www.modonty.com/_next/static/chunks/44prbu-m81oxk.js?dpl=dpl_7so3or46nq5gM61EL8yuBRRCUwAB,2026-05-27
https://www.modonty.com/_next/static/media/48e6fa8a5baca31f-s.p.14yttwb5hb7vt.woff2?dpl=dpl_7so3or46nq5gM61EL8yuBRRCUwAB,2026-05-27
https://www.modonty.com/_next/static/media/4b676bcffc00356a-s.p.24y4-vc3jpn8m.woff2?dpl=dpl_7so3or46nq5gM61EL8yuBRRCUwAB,2026-05-27
https://www.modonty.com/_next/static/media/d54db18e8cd5f74f-s.p.0ji0xjltb6ro5.woff2?dpl=dpl_7so3or46nq5gM61EL8yuBRRCUwAB,2026-05-27
https://www.modonty.com/_next/static/media/e7b64a7fde1a3d32-s.p.2g2pkky1i4_-n.woff2?dpl=dpl_7so3or46nq5gM61EL8yuBRRCUwAB,2026-05-27
https://www.modonty.com/_next/static/media/e8f2fbee2754df70-s.p.1dqa_6e_ad4sj.woff2?dpl=dpl_7so3or46nq5gM61EL8yuBRRCUwAB,2026-05-27
https://www.modonty.com/_next/static/media/f0e0669539caf32a-s.p.2cslzs_83-cos.woff2?dpl=dpl_7so3or46nq5gM61EL8yuBRRCUwAB,2026-05-27
https://www.modonty.com/_next/static/chunks/0.vy9-tritp-x.css?dpl=dpl_ERsY1CVDHezAStJYa512i5d1cWhy,2026-05-27
https://www.modonty.com/_next/static/chunks/018545qywb.iv.js?dpl=dpl_ERsY1CVDHezAStJYa512i5d1cWhy,2026-05-27
https://www.modonty.com/_next/static/chunks/02ah2l5xtwae1.js?dpl=dpl_ERsY1CVDHezAStJYa512i5d1cWhy,2026-05-27
https://www.modonty.com/_next/static/chunks/0afhlu5z.qh8w.js?dpl=dpl_ERsY1CVDHezAStJYa512i5d1cWhy,2026-05-27
https://www.modonty.com/_next/static/chunks/0j-cunlzu3fs6.js?dpl=dpl_ERsY1CVDHezAStJYa512i5d1cWhy,2026-05-27
https://www.modonty.com/_next/static/chunks/0ke2p5bobhvta.css?dpl=dpl_ERsY1CVDHezAStJYa512i5d1cWhy,2026-05-27
https://www.modonty.com/_next/static/chunks/10meme._s4nm6.js?dpl=dpl_ERsY1CVDHezAStJYa512i5d1cWhy,2026-05-27
https://www.modonty.com/_next/static/chunks/10y3u6lkbnkhx.js?dpl=dpl_ERsY1CVDHezAStJYa512i5d1cWhy,2026-05-27
https://www.modonty.com/_next/static/chunks/13v0-rpydulo0.js?dpl=dpl_ERsY1CVDHezAStJYa512i5d1cWhy,2026-05-27
https://www.modonty.com/_next/static/chunks/14p9x1xlzkrmi.js?dpl=dpl_ERsY1CVDHezAStJYa512i5d1cWhy,2026-05-27
https://www.modonty.com/_next/static/media/48e6fa8a5baca31f-s.p.0d7ol9k18uj2x.woff2?dpl=dpl_ERsY1CVDHezAStJYa512i5d1cWhy,2026-05-27
https://www.modonty.com/_next/static/media/4b676bcffc00356a-s.p.0oynfhj0_9xg2.woff2?dpl=dpl_ERsY1CVDHezAStJYa512i5d1cWhy,2026-05-27
https://www.modonty.com/_next/static/media/d54db18e8cd5f74f-s.p.05.gztb3q6cix.woff2?dpl=dpl_ERsY1CVDHezAStJYa512i5d1cWhy,2026-05-27
https://www.modonty.com/_next/static/media/e7b64a7fde1a3d32-s.p.0sb-ki_uu~_70.woff2?dpl=dpl_ERsY1CVDHezAStJYa512i5d1cWhy,2026-05-27
https://www.modonty.com/_next/static/media/e8f2fbee2754df70-s.p.0fzkl03jw-sdz.woff2?dpl=dpl_ERsY1CVDHezAStJYa512i5d1cWhy,2026-05-27
https://www.modonty.com/_next/static/media/f0e0669539caf32a-s.p.0rb5r2~08jpgn.woff2?dpl=dpl_ERsY1CVDHezAStJYa512i5d1cWhy,2026-05-27
https://www.modonty.com/_next/static/chunks/45b8622d19ee9a6e.js?dpl=dpl_9eqgNKwJGDQaZLckGbMAv5AhKzrt,2026-05-27
https://www.modonty.com/_next/static/chunks/10meme._s4nm6.js?dpl=dpl_AaN3xQGXijau66WFU6M7REjoZwvB,2026-05-27
https://www.modonty.com/_next/static/chunks/13v0-rpydulo0.js?dpl=dpl_AaN3xQGXijau66WFU6M7REjoZwvB,2026-05-27
https://www.modonty.com/_next/static/chunks/0.vy9-tritp-x.css?dpl=dpl_AaN3xQGXijau66WFU6M7REjoZwvB,2026-05-27
https://www.modonty.com/_next/static/chunks/018545qywb.iv.js?dpl=dpl_AaN3xQGXijau66WFU6M7REjoZwvB,2026-05-27
https://www.modonty.com/_next/static/chunks/01ni13o05m8mj.js?dpl=dpl_AaN3xQGXijau66WFU6M7REjoZwvB,2026-05-27
https://www.modonty.com/_next/static/chunks/02e3seifvsd45.js?dpl=dpl_AaN3xQGXijau66WFU6M7REjoZwvB,2026-05-27
https://www.modonty.com/_next/static/chunks/0afhlu5z.qh8w.js?dpl=dpl_AaN3xQGXijau66WFU6M7REjoZwvB,2026-05-27
https://www.modonty.com/_next/static/chunks/0j-cunlzu3fs6.js?dpl=dpl_AaN3xQGXijau66WFU6M7REjoZwvB,2026-05-27
https://www.modonty.com/_next/static/chunks/11jo07up6mvap.css?dpl=dpl_AaN3xQGXijau66WFU6M7REjoZwvB,2026-05-27
https://www.modonty.com/_next/static/chunks/14p9x1xlzkrmi.js?dpl=dpl_AaN3xQGXijau66WFU6M7REjoZwvB,2026-05-27
https://www.modonty.com/_next/static/media/48e6fa8a5baca31f-s.p.0d7ol9k18uj2x.woff2?dpl=dpl_AaN3xQGXijau66WFU6M7REjoZwvB,2026-05-27
https://www.modonty.com/_next/static/media/4b676bcffc00356a-s.p.0oynfhj0_9xg2.woff2?dpl=dpl_AaN3xQGXijau66WFU6M7REjoZwvB,2026-05-27
https://www.modonty.com/_next/static/media/d54db18e8cd5f74f-s.p.05.gztb3q6cix.woff2?dpl=dpl_AaN3xQGXijau66WFU6M7REjoZwvB,2026-05-27
https://www.modonty.com/_next/static/media/e7b64a7fde1a3d32-s.p.0sb-ki_uu~_70.woff2?dpl=dpl_AaN3xQGXijau66WFU6M7REjoZwvB,2026-05-27
https://www.modonty.com/_next/static/media/e8f2fbee2754df70-s.p.0fzkl03jw-sdz.woff2?dpl=dpl_AaN3xQGXijau66WFU6M7REjoZwvB,2026-05-27
https://www.modonty.com/_next/static/media/f0e0669539caf32a-s.p.0rb5r2~08jpgn.woff2?dpl=dpl_AaN3xQGXijau66WFU6M7REjoZwvB,2026-05-27
https://www.modonty.com/_next/static/chunks/0.vy9-tritp-x.css?dpl=dpl_8Jqy4nCr77rrL1833Ysic4vcj6yw,2026-05-26
https://www.modonty.com/_next/static/chunks/018545qywb.iv.js?dpl=dpl_8Jqy4nCr77rrL1833Ysic4vcj6yw,2026-05-26
https://www.modonty.com/_next/static/chunks/05u7ij0-r14j-.js?dpl=dpl_8Jqy4nCr77rrL1833Ysic4vcj6yw,2026-05-26
https://www.modonty.com/_next/static/chunks/0afhlu5z.qh8w.js?dpl=dpl_8Jqy4nCr77rrL1833Ysic4vcj6yw,2026-05-26
https://www.modonty.com/_next/static/chunks/0ezmtlb7-b8v1.css?dpl=dpl_8Jqy4nCr77rrL1833Ysic4vcj6yw,2026-05-26
https://www.modonty.com/_next/static/chunks/0j-cunlzu3fs6.js?dpl=dpl_8Jqy4nCr77rrL1833Ysic4vcj6yw,2026-05-26
https://www.modonty.com/_next/static/chunks/10meme._s4nm6.js?dpl=dpl_8Jqy4nCr77rrL1833Ysic4vcj6yw,2026-05-26
https://www.modonty.com/_next/static/chunks/13ee-j3b5eipe.js?dpl=dpl_8Jqy4nCr77rrL1833Ysic4vcj6yw,2026-05-26
https://www.modonty.com/_next/static/chunks/13v0-rpydulo0.js?dpl=dpl_8Jqy4nCr77rrL1833Ysic4vcj6yw,2026-05-26
https://www.modonty.com/_next/static/chunks/14p9x1xlzkrmi.js?dpl=dpl_8Jqy4nCr77rrL1833Ysic4vcj6yw,2026-05-26
https://www.modonty.com/_next/static/media/48e6fa8a5baca31f-s.p.0d7ol9k18uj2x.woff2?dpl=dpl_8Jqy4nCr77rrL1833Ysic4vcj6yw,2026-05-26
https://www.modonty.com/_next/static/media/d54db18e8cd5f74f-s.p.05.gztb3q6cix.woff2?dpl=dpl_8Jqy4nCr77rrL1833Ysic4vcj6yw,2026-05-26
https://www.modonty.com/_next/static/media/e7b64a7fde1a3d32-s.p.0sb-ki_uu~_70.woff2?dpl=dpl_8Jqy4nCr77rrL1833Ysic4vcj6yw,2026-05-26
https://www.modonty.com/_next/static/media/e8f2fbee2754df70-s.p.0fzkl03jw-sdz.woff2?dpl=dpl_8Jqy4nCr77rrL1833Ysic4vcj6yw,2026-05-26
https://www.modonty.com/_next/static/media/f0e0669539caf32a-s.p.0rb5r2~08jpgn.woff2?dpl=dpl_8Jqy4nCr77rrL1833Ysic4vcj6yw,2026-05-26
https://www.modonty.com/_next/static/chunks/0.vy9-tritp-x.css?dpl=dpl_3CnzdfRPDizYh5KXZPnX4E7bXKrV,2026-05-24
https://www.modonty.com/_next/static/chunks/018545qywb.iv.js?dpl=dpl_3CnzdfRPDizYh5KXZPnX4E7bXKrV,2026-05-24
https://www.modonty.com/_next/static/chunks/05u7ij0-r14j-.js?dpl=dpl_3CnzdfRPDizYh5KXZPnX4E7bXKrV,2026-05-24
https://www.modonty.com/_next/static/chunks/0afhlu5z.qh8w.js?dpl=dpl_3CnzdfRPDizYh5KXZPnX4E7bXKrV,2026-05-24
https://www.modonty.com/_next/static/chunks/0j-cunlzu3fs6.js?dpl=dpl_3CnzdfRPDizYh5KXZPnX4E7bXKrV,2026-05-24
https://www.modonty.com/_next/static/chunks/10meme._s4nm6.js?dpl=dpl_3CnzdfRPDizYh5KXZPnX4E7bXKrV,2026-05-24
https://www.modonty.com/_next/static/chunks/13ee-j3b5eipe.js?dpl=dpl_3CnzdfRPDizYh5KXZPnX4E7bXKrV,2026-05-24
https://www.modonty.com/_next/static/chunks/13v0-rpydulo0.js?dpl=dpl_3CnzdfRPDizYh5KXZPnX4E7bXKrV,2026-05-24
https://www.modonty.com/_next/static/chunks/14p9x1xlzkrmi.js?dpl=dpl_3CnzdfRPDizYh5KXZPnX4E7bXKrV,2026-05-24
https://www.modonty.com/_next/static/media/48e6fa8a5baca31f-s.p.0d7ol9k18uj2x.woff2?dpl=dpl_3CnzdfRPDizYh5KXZPnX4E7bXKrV,2026-05-24
https://www.modonty.com/_next/static/media/4b676bcffc00356a-s.p.0oynfhj0_9xg2.woff2?dpl=dpl_3CnzdfRPDizYh5KXZPnX4E7bXKrV,2026-05-24
https://www.modonty.com/_next/static/media/d54db18e8cd5f74f-s.p.05.gztb3q6cix.woff2?dpl=dpl_3CnzdfRPDizYh5KXZPnX4E7bXKrV,2026-05-24
https://www.modonty.com/_next/static/media/e7b64a7fde1a3d32-s.p.0sb-ki_uu~_70.woff2?dpl=dpl_3CnzdfRPDizYh5KXZPnX4E7bXKrV,2026-05-24
https://www.modonty.com/_next/static/media/e8f2fbee2754df70-s.p.0fzkl03jw-sdz.woff2?dpl=dpl_3CnzdfRPDizYh5KXZPnX4E7bXKrV,2026-05-24
https://www.modonty.com/_next/static/media/f0e0669539caf32a-s.p.0rb5r2~08jpgn.woff2?dpl=dpl_3CnzdfRPDizYh5KXZPnX4E7bXKrV,2026-05-24
https://www.modonty.com/_next/static/chunks/0.vy9-tritp-x.css?dpl=dpl_6Y2N3gGRPeKUyfG5Pn9Xk7AuM8He,2026-05-22
https://www.modonty.com/_next/static/chunks/006a9w2exgk-c.css?dpl=dpl_6Y2N3gGRPeKUyfG5Pn9Xk7AuM8He,2026-05-22
https://www.modonty.com/_next/static/chunks/018545qywb.iv.js?dpl=dpl_6Y2N3gGRPeKUyfG5Pn9Xk7AuM8He,2026-05-22
https://www.modonty.com/_next/static/chunks/05u7ij0-r14j-.js?dpl=dpl_6Y2N3gGRPeKUyfG5Pn9Xk7AuM8He,2026-05-22
https://www.modonty.com/_next/static/chunks/0afhlu5z.qh8w.js?dpl=dpl_6Y2N3gGRPeKUyfG5Pn9Xk7AuM8He,2026-05-22
https://www.modonty.com/_next/static/chunks/0j-cunlzu3fs6.js?dpl=dpl_6Y2N3gGRPeKUyfG5Pn9Xk7AuM8He,2026-05-22
https://www.modonty.com/_next/static/chunks/10meme._s4nm6.js?dpl=dpl_6Y2N3gGRPeKUyfG5Pn9Xk7AuM8He,2026-05-22
https://www.modonty.com/_next/static/chunks/13ee-j3b5eipe.js?dpl=dpl_6Y2N3gGRPeKUyfG5Pn9Xk7AuM8He,2026-05-22
https://www.modonty.com/_next/static/chunks/13v0-rpydulo0.js?dpl=dpl_6Y2N3gGRPeKUyfG5Pn9Xk7AuM8He,2026-05-22
https://www.modonty.com/_next/static/chunks/14p9x1xlzkrmi.js?dpl=dpl_6Y2N3gGRPeKUyfG5Pn9Xk7AuM8He,2026-05-22
https://www.modonty.com/_next/static/media/48e6fa8a5baca31f-s.p.0d7ol9k18uj2x.woff2?dpl=dpl_6Y2N3gGRPeKUyfG5Pn9Xk7AuM8He,2026-05-22
https://www.modonty.com/_next/static/media/4b676bcffc00356a-s.p.0oynfhj0_9xg2.woff2?dpl=dpl_6Y2N3gGRPeKUyfG5Pn9Xk7AuM8He,2026-05-22
https://www.modonty.com/_next/static/media/d54db18e8cd5f74f-s.p.05.gztb3q6cix.woff2?dpl=dpl_6Y2N3gGRPeKUyfG5Pn9Xk7AuM8He,2026-05-22
https://www.modonty.com/_next/static/media/e7b64a7fde1a3d32-s.p.0sb-ki_uu~_70.woff2?dpl=dpl_6Y2N3gGRPeKUyfG5Pn9Xk7AuM8He,2026-05-22
https://www.modonty.com/_next/static/media/e8f2fbee2754df70-s.p.0fzkl03jw-sdz.woff2?dpl=dpl_6Y2N3gGRPeKUyfG5Pn9Xk7AuM8He,2026-05-22
https://www.modonty.com/_next/static/media/f0e0669539caf32a-s.p.0rb5r2~08jpgn.woff2?dpl=dpl_6Y2N3gGRPeKUyfG5Pn9Xk7AuM8He,2026-05-22
https://modonty.com/articles/شاهد-شبيه-بلاكبيري-يعود-بعد-سنوات-لمواجهة-التشتت-الرقمي-61,2026-03-25
https://modonty.com/help,2026-02-25
https://modonty.com/articles/هواوي-كلاود-تحتفي-بشركائها-في-السعودية-وتستعرض-نمو-منظومة-الحوسبة-السحابية-70,2026-02-24
https://modonty.com/help/feedback,2026-02-24
https://www.modonty.com/_next/static/chunks/adf9ccf09325b0eb.js?dpl=dpl_H8QvEWZ6xVpFpJVeLkZ898AkmYor,2026-02-22
https://modonty.com/articles/hizero-تستعرض-منظف-الأسطح-المتعددة-h100r-الجديد-بتقنية-التنظيف-بدون-شفط-ces2026-9,2026-02-21
https://www.modonty.com/help/feedback,2026-02-20
https://modonty.com/articles/النموذج-الأولي-الأول-من-kosmera-سيعرض-عالميًا-في-ces-2026،-مع-إعادة-تعريف-سيارة-السوبر-الكهربائية-الذكية-البوابة-39,2026-02-12
https://modonty.com/articles/أومودا-وجايكو-الإمارات-تحتفل-بأوّل-موسم-أعياد-لها-في-الدولة-مع-عرض-حصري-ليوم-واحد-بمناسبة-عيد-الميلاد-ورأس-السنة-24,2026-02-03
https://modonty.com/articles/أخبار-على-الهامش-الأسبوع-2-8-يناير-18,2026-02-03
https://modonty.com/articles/أومودا-وجايكو-الإمارات-تحتفل-بأوّل-موسم-أعياد-لها-في-الدولة-مع-عرض-حصري-ليوم-واحد-بمناسبة-عيد-الميلاد-ورأس-السنة-16,2026-02-03
https://modonty.com/articles/هواوي-كلاود-تحتفي-بشركائها-في-السعودية-وتستعرض-نمو-منظومة-الحوسبة-السحابية-38,2026-02-02
https://modonty.com/articles/عندما-يصبح-الهواء-عاملا-زراعيا-روبوت-قماشي-يقطف-التفاح-4,2026-02-02